timestamp,open,high,low,close
2026-09-22 09:15:00,23454.05078125,23489.0,23448.900390625,23450.650390625
2026-09-22 09:16:00,23451.849609375,23461.05078125,23434.099609375,23436.75
2026-09-22 09:17:00,23437.900390625,23443.150390625,23434.55078125,23442.55078125
2026-09-22 09:18:00,23442.349609375,23454.75,23441.400390625,23453.099609375
2026-09-22 09:19:00,23453.400390625,23456.0,23445.69921875,23446.55078125
2026-09-22 09:20:00,23446.5,23452.0,23436.44921875,23437.55078125
2026-09-22 09:21:00,23438.099609375,23447.75,23438.099609375,23446.30078125
2026-09-22 09:22:00,23446.25,23452.25,23445.150390625,23445.150390625
2026-09-22 09:23:00,23445.30078125,23451.44921875,23443.05078125,23448.349609375
2026-09-22 09:24:00,23448.0,23453.5,23446.94921875,23446.94921875
2026-09-22 09:25:00,23447.75,23449.5,23437.55078125,23438.94921875
2026-09-22 09:26:00,23439.30078125,23441.099609375,23431.44921875,23431.5
2026-09-22 09:27:00,23432.150390625,23434.5,23425.80078125,23431.0
2026-09-22 09:28:00,23431.80078125,23438.75,23431.650390625,23437.349609375
2026-09-22 09:29:00,23437.400390625,23447.25,23436.55078125,23445.900390625
2026-09-22 09:30:00,23445.94921875,23453.900390625,23444.75,23446.69921875
2026-09-22 09:31:00,23446.55078125,23452.80078125,23444.44921875,23449.69921875
2026-09-22 09:32:00,23450.849609375,23452.0,23438.400390625,23439.19921875
2026-09-22 09:33:00,23439.25,23443.599609375,23435.349609375,23435.349609375
2026-09-22 09:34:00,23435.349609375,23439.69921875,23434.5,23436.69921875
2026-09-22 09:35:00,23436.349609375,23438.69921875,23433.69921875,23434.349609375
2026-09-22 09:36:00,23434.349609375,23438.44921875,23433.19921875,23435.599609375
2026-09-22 09:37:00,23435.5,23445.05078125,23434.5,23443.94921875
2026-09-22 09:38:00,23444.400390625,23451.099609375,23442.55078125,23447.150390625
2026-09-22 09:39:00,23447.150390625,23453.75,23446.94921875,23451.599609375
2026-09-22 09:40:00,23451.69921875,23453.099609375,23442.94921875,23448.05078125
2026-09-22 09:41:00,23448.05078125,23454.650390625,23447.5,23451.55078125
2026-09-22 09:42:00,23452.349609375,23457.44921875,23451.30078125,23456.94921875
2026-09-22 09:43:00,23456.599609375,23459.55078125,23450.69921875,23454.05078125
2026-09-22 09:44:00,23453.849609375,23457.150390625,23451.94921875,23455.94921875
2026-09-22 09:45:00,23456.0,23460.25,23453.349609375,23455.650390625
2026-09-22 09:46:00,23455.349609375,23460.900390625,23454.900390625,23460.150390625
2026-09-22 09:47:00,23459.599609375,23461.599609375,23458.25,23460.150390625
2026-09-22 09:48:00,23460.0,23464.55078125,23454.650390625,23455.650390625
2026-09-22 09:49:00,23455.75,23456.650390625,23452.69921875,23455.0
2026-09-22 09:50:00,23455.44921875,23460.849609375,23453.30078125,23459.80078125
2026-09-22 09:51:00,23459.849609375,23460.599609375,23452.849609375,23453.400390625
2026-09-22 09:52:00,23453.400390625,23459.349609375,23452.05078125,23458.150390625
2026-09-22 09:53:00,23458.150390625,23460.19921875,23455.400390625,23457.94921875
2026-09-22 09:54:00,23457.94921875,23461.849609375,23455.849609375,23457.05078125
2026-09-22 09:55:00,23457.099609375,23457.94921875,23450.349609375,23453.900390625
2026-09-22 09:56:00,23453.650390625,23459.349609375,23452.599609375,23455.05078125
2026-09-22 09:57:00,23454.94921875,23456.400390625,23449.55078125,23451.5
2026-09-22 09:58:00,23451.80078125,23457.25,23450.44921875,23456.5
2026-09-22 09:59:00,23456.69921875,23458.400390625,23454.5,23456.80078125
2026-09-22 10:00:00,23457.19921875,23462.44921875,23456.349609375,23461.650390625
2026-09-22 10:01:00,23461.650390625,23464.05078125,23458.349609375,23459.400390625
2026-09-22 10:02:00,23459.5,23460.80078125,23453.80078125,23455.0
2026-09-22 10:03:00,23455.150390625,23461.5,23454.349609375,23460.900390625
2026-09-22 10:04:00,23460.75,23465.099609375,23458.55078125,23461.05078125
2026-09-22 10:05:00,23461.099609375,23463.94921875,23459.05078125,23460.849609375
2026-09-22 10:06:00,23460.900390625,23462.099609375,23454.0,23454.30078125
2026-09-22 10:07:00,23454.400390625,23461.94921875,23453.0,23459.80078125
2026-09-22 10:08:00,23459.650390625,23465.25,23458.349609375,23464.900390625
2026-09-22 10:09:00,23464.650390625,23469.900390625,23462.75,23467.19921875
2026-09-22 10:10:00,23467.05078125,23470.44921875,23463.099609375,23465.0
2026-09-22 10:11:00,23465.0,23470.599609375,23463.599609375,23465.55078125
2026-09-22 10:12:00,23465.30078125,23465.94921875,23459.44921875,23462.599609375
2026-09-22 10:13:00,23462.75,23462.900390625,23457.599609375,23461.94921875
2026-09-22 10:14:00,23462.0,23466.25,23461.30078125,23465.30078125
2026-09-22 10:15:00,23465.19921875,23465.94921875,23457.099609375,23458.05078125
2026-09-22 10:16:00,23458.05078125,23459.30078125,23453.150390625,23456.150390625
2026-09-22 10:17:00,23456.150390625,23460.94921875,23454.55078125,23460.25
2026-09-22 10:18:00,23460.25,23461.75,23455.75,23460.5
2026-09-22 10:19:00,23460.650390625,23461.900390625,23457.80078125,23458.849609375
2026-09-22 10:20:00,23458.5,23460.349609375,23453.80078125,23454.05078125
2026-09-22 10:21:00,23454.099609375,23457.0,23447.400390625,23448.099609375
2026-09-22 10:22:00,23448.0,23448.30078125,23435.75,23437.650390625
2026-09-22 10:23:00,23437.69921875,23448.75,23436.80078125,23445.69921875
2026-09-22 10:24:00,23445.55078125,23446.55078125,23442.55078125,23444.099609375
2026-09-22 10:25:00,23444.099609375,23444.25,23436.900390625,23438.5
2026-09-22 10:26:00,23437.80078125,23438.69921875,23432.5,23433.599609375
2026-09-22 10:27:00,23433.5,23439.30078125,23431.349609375,23437.099609375
2026-09-22 10:28:00,23437.05078125,23440.349609375,23435.05078125,23440.099609375
2026-09-22 10:29:00,23440.30078125,23444.349609375,23437.30078125,23437.30078125
2026-09-22 10:30:00,23437.349609375,23439.75,23428.5,23429.099609375
2026-09-22 10:31:00,23429.099609375,23429.099609375,23421.80078125,23426.900390625
2026-09-22 10:32:00,23426.900390625,23427.19921875,23419.94921875,23420.349609375
2026-09-22 10:33:00,23420.19921875,23420.900390625,23414.25,23415.80078125
2026-09-22 10:34:00,23415.650390625,23424.44921875,23415.30078125,23422.150390625
2026-09-22 10:35:00,23422.25,23422.25,23408.900390625,23408.900390625
2026-09-22 10:36:00,23409.25,23413.400390625,23407.25,23412.099609375
2026-09-22 10:37:00,23411.75,23414.099609375,23408.75,23413.599609375
2026-09-22 10:38:00,23413.599609375,23413.599609375,23404.94921875,23406.05078125
2026-09-22 10:39:00,23406.25,23406.30078125,23398.69921875,23400.150390625
2026-09-22 10:40:00,23400.150390625,23411.30078125,23399.05078125,23405.80078125
2026-09-22 10:41:00,23405.80078125,23406.69921875,23387.80078125,23387.80078125
2026-09-22 10:42:00,23387.80078125,23388.30078125,23368.19921875,23385.5
2026-09-22 10:43:00,23385.69921875,23394.05078125,23384.19921875,23392.349609375
2026-09-22 10:44:00,23392.400390625,23393.400390625,23382.30078125,23383.30078125
2026-09-22 10:45:00,23382.69921875,23383.30078125,23372.599609375,23374.30078125
2026-09-22 10:46:00,23374.650390625,23383.19921875,23374.099609375,23382.150390625
2026-09-22 10:47:00,23382.150390625,23385.400390625,23380.150390625,23384.349609375
2026-09-22 10:48:00,23384.44921875,23385.349609375,23378.0,23378.900390625
2026-09-22 10:49:00,23378.69921875,23383.099609375,23376.150390625,23376.849609375
2026-09-22 10:50:00,23376.75,23377.5,23366.900390625,23369.099609375
2026-09-22 10:51:00,23369.150390625,23373.0,23367.69921875,23371.69921875
2026-09-22 10:52:00,23371.69921875,23373.19921875,23363.80078125,23364.900390625
2026-09-22 10:53:00,23364.900390625,23367.30078125,23363.099609375,23366.05078125
2026-09-22 10:54:00,23366.150390625,23375.849609375,23365.599609375,23375.69921875
2026-09-22 10:55:00,23375.599609375,23378.80078125,23373.05078125,23378.25
2026-09-22 10:56:00,23378.25,23380.55078125,23375.19921875,23377.05078125
2026-09-22 10:57:00,23376.80078125,23384.44921875,23375.80078125,23382.650390625
2026-09-22 10:58:00,23381.849609375,23385.44921875,23378.19921875,23382.94921875
2026-09-22 10:59:00,23382.94921875,23390.75,23381.75,23388.650390625
2026-09-22 11:00:00,23388.55078125,23390.0,23381.400390625,23383.75
2026-09-22 11:01:00,23383.75,23385.19921875,23372.349609375,23376.400390625
2026-09-22 11:02:00,23376.349609375,23379.0,23374.55078125,23374.80078125
2026-09-22 11:03:00,23374.650390625,23376.900390625,23370.25,23374.80078125
2026-09-22 11:04:00,23374.69921875,23378.05078125,23373.650390625,23374.80078125
2026-09-22 11:05:00,23374.849609375,23376.69921875,23368.75,23371.75
2026-09-22 11:06:00,23371.75,23376.650390625,23371.30078125,23376.349609375
2026-09-22 11:07:00,23376.400390625,23377.400390625,23371.5,23374.25
2026-09-22 11:08:00,23374.75,23376.099609375,23370.599609375,23373.44921875
2026-09-22 11:09:00,23373.69921875,23379.0,23372.55078125,23377.75
2026-09-22 11:10:00,23377.75,23383.55078125,23376.80078125,23381.650390625
2026-09-22 11:11:00,23381.849609375,23384.75,23380.44921875,23382.25
2026-09-22 11:12:00,23382.19921875,23384.099609375,23381.19921875,23383.19921875
2026-09-22 11:13:00,23383.150390625,23390.44921875,23382.19921875,23387.80078125
2026-09-22 11:14:00,23387.94921875,23395.0,23386.900390625,23393.44921875
2026-09-22 11:15:00,23393.30078125,23393.69921875,23389.30078125,23391.5
2026-09-22 11:16:00,23391.349609375,23396.900390625,23388.75,23394.25
2026-09-22 11:17:00,23394.25,23399.150390625,23393.55078125,23396.400390625
2026-09-22 11:18:00,23396.349609375,23396.849609375,23390.900390625,23392.55078125
2026-09-22 11:19:00,23392.599609375,23392.599609375,23384.349609375,23385.30078125
2026-09-22 11:20:00,23385.19921875,23390.44921875,23384.5,23390.349609375
2026-09-22 11:21:00,23390.349609375,23394.25,23387.75,23392.849609375
2026-09-22 11:22:00,23392.400390625,23397.75,23392.150390625,23396.55078125
2026-09-22 11:23:00,23396.400390625,23398.80078125,23393.80078125,23394.650390625
2026-09-22 11:24:00,23394.75,23401.099609375,23394.19921875,23399.400390625
2026-09-22 11:25:00,23399.650390625,23404.0,23398.349609375,23399.650390625
2026-09-22 11:26:00,23399.650390625,23400.30078125,23395.349609375,23396.05078125
2026-09-22 11:27:00,23395.849609375,23398.900390625,23393.69921875,23394.75
2026-09-22 11:28:00,23394.69921875,23398.400390625,23392.94921875,23394.400390625
2026-09-22 11:29:00,23394.400390625,23397.150390625,23391.25,23392.25
2026-09-22 11:30:00,23392.150390625,23393.650390625,23384.55078125,23386.19921875
2026-09-22 11:31:00,23386.150390625,23388.5,23381.44921875,23382.900390625
2026-09-22 11:32:00,23382.55078125,23382.75,23378.349609375,23382.55078125
2026-09-22 11:33:00,23382.55078125,23386.150390625,23380.650390625,23382.0
2026-09-22 11:34:00,23382.349609375,23384.650390625,23380.5,23380.69921875
2026-09-22 11:35:00,23380.650390625,23380.849609375,23372.69921875,23377.5
2026-09-22 11:36:00,23377.900390625,23380.900390625,23375.900390625,23379.69921875
2026-09-22 11:37:00,23379.349609375,23380.349609375,23375.30078125,23379.0
2026-09-22 11:38:00,23378.75,23381.44921875,23377.900390625,23378.650390625
2026-09-22 11:39:00,23378.94921875,23380.650390625,23369.94921875,23370.55078125
2026-09-22 11:40:00,23370.69921875,23375.80078125,23366.55078125,23373.900390625
2026-09-22 11:41:00,23373.69921875,23377.150390625,23372.75,23373.44921875
2026-09-22 11:42:00,23373.599609375,23375.349609375,23366.75,23367.80078125
2026-09-22 11:43:00,23367.900390625,23369.25,23365.849609375,23368.25
2026-09-22 11:44:00,23368.44921875,23373.849609375,23367.44921875,23371.400390625
2026-09-22 11:45:00,23371.400390625,23373.05078125,23369.80078125,23370.30078125
2026-09-22 11:46:00,23370.94921875,23371.19921875,23359.5,23360.75
2026-09-22 11:47:00,23361.19921875,23362.69921875,23357.44921875,23360.44921875
2026-09-22 11:48:00,23360.400390625,23369.80078125,23358.849609375,23365.400390625
2026-09-22 11:49:00,23365.80078125,23367.0,23362.0,23363.5
2026-09-22 11:50:00,23363.80078125,23365.0,23360.5,23362.349609375
2026-09-22 11:51:00,23362.400390625,23363.30078125,23355.900390625,23357.349609375
2026-09-22 11:52:00,23357.349609375,23364.69921875,23355.30078125,23363.69921875
2026-09-22 11:53:00,23363.599609375,23363.599609375,23357.650390625,23359.05078125
2026-09-22 11:54:00,23359.150390625,23359.900390625,23352.05078125,23352.19921875
2026-09-22 11:55:00,23351.94921875,23352.400390625,23345.80078125,23349.0
2026-09-22 11:56:00,23348.599609375,23354.400390625,23341.5,23354.19921875
2026-09-22 11:57:00,23354.25,23355.69921875,23350.349609375,23353.75
2026-09-22 11:58:00,23354.099609375,23358.349609375,23352.05078125,23358.30078125
2026-09-22 11:59:00,23358.44921875,23361.150390625,23356.599609375,23360.849609375
2026-09-22 12:00:00,23361.05078125,23362.25,23356.099609375,23357.55078125
2026-09-22 12:01:00,23357.5,23358.400390625,23353.55078125,23356.19921875
2026-09-22 12:02:00,23356.0,23359.69921875,23354.44921875,23355.80078125
2026-09-22 12:03:00,23356.0,23361.349609375,23354.80078125,23361.19921875
2026-09-22 12:04:00,23361.099609375,23362.44921875,23358.25,23359.30078125
2026-09-22 12:05:00,23359.400390625,23362.44921875,23358.30078125,23362.44921875
2026-09-22 12:06:00,23362.44921875,23363.19921875,23357.599609375,23360.650390625
2026-09-22 12:07:00,23360.599609375,23360.69921875,23355.25,23358.0
2026-09-22 12:08:00,23358.0,23364.400390625,23356.55078125,23362.94921875
2026-09-22 12:09:00,23363.05078125,23365.650390625,23361.69921875,23365.150390625
2026-09-22 12:10:00,23365.150390625,23367.25,23361.75,23363.349609375
2026-09-22 12:11:00,23363.400390625,23363.69921875,23357.5,23359.599609375
2026-09-22 12:12:00,23359.55078125,23361.19921875,23358.099609375,23359.94921875
2026-09-22 12:13:00,23359.849609375,23361.650390625,23354.349609375,23355.30078125
2026-09-22 12:14:00,23355.400390625,23359.75,23354.5,23356.849609375
2026-09-22 12:15:00,23356.900390625,23357.05078125,23350.0,23350.849609375
2026-09-22 12:16:00,23351.0,23356.55078125,23350.5,23355.69921875
2026-09-22 12:17:00,23355.900390625,23359.80078125,23355.44921875,23359.75
2026-09-22 12:18:00,23359.75,23362.400390625,23358.150390625,23359.900390625
2026-09-22 12:19:00,23360.30078125,23367.25,23358.5,23366.400390625
2026-09-22 12:20:00,23366.650390625,23368.099609375,23361.650390625,23362.400390625
2026-09-22 12:21:00,23361.849609375,23366.75,23361.400390625,23366.55078125
2026-09-22 12:22:00,23366.599609375,23367.19921875,23361.5,23363.25
2026-09-22 12:23:00,23363.30078125,23367.19921875,23361.44921875,23363.80078125
2026-09-22 12:24:00,23363.80078125,23364.44921875,23358.849609375,23360.94921875
2026-09-22 12:25:00,23360.849609375,23362.94921875,23358.900390625,23361.30078125
2026-09-22 12:26:00,23361.349609375,23365.69921875,23360.5,23363.599609375
2026-09-22 12:27:00,23363.599609375,23367.30078125,23356.25,23361.599609375
2026-09-22 12:28:00,23361.69921875,23365.400390625,23357.599609375,23363.900390625
2026-09-22 12:29:00,23363.900390625,23364.75,23356.25,23358.099609375
2026-09-22 12:30:00,23358.19921875,23358.400390625,23352.599609375,23353.75
2026-09-22 12:31:00,23353.849609375,23357.30078125,23352.150390625,23356.5
2026-09-22 12:32:00,23356.5,23361.75,23355.849609375,23360.44921875
2026-09-22 12:33:00,23360.599609375,23363.19921875,23358.69921875,23359.150390625
2026-09-22 12:34:00,23359.150390625,23363.849609375,23357.900390625,23363.55078125
2026-09-22 12:35:00,23363.55078125,23365.400390625,23361.19921875,23363.599609375
2026-09-22 12:36:00,23363.55078125,23363.55078125,23357.05078125,23359.75
2026-09-22 12:37:00,23359.75,23360.44921875,23356.5,23359.25
2026-09-22 12:38:00,23359.25,23361.30078125,23357.80078125,23359.150390625
2026-09-22 12:39:00,23359.05078125,23361.150390625,23355.69921875,23358.05078125
2026-09-22 12:40:00,23358.0,23363.19921875,23355.150390625,23361.94921875
2026-09-22 12:41:00,23362.05078125,23362.599609375,23357.44921875,23359.5
2026-09-22 12:42:00,23359.650390625,23362.05078125,23357.599609375,23358.900390625
2026-09-22 12:43:00,23359.150390625,23361.599609375,23351.099609375,23352.30078125
2026-09-22 12:44:00,23352.400390625,23354.5,23344.44921875,23345.849609375
2026-09-22 12:45:00,23345.94921875,23347.099609375,23340.55078125,23342.69921875
2026-09-22 12:46:00,23342.849609375,23349.349609375,23341.44921875,23346.349609375
2026-09-22 12:47:00,23346.30078125,23350.150390625,23344.400390625,23347.400390625
2026-09-22 12:48:00,23347.55078125,23351.849609375,23346.44921875,23351.25
2026-09-22 12:49:00,23351.150390625,23353.650390625,23340.69921875,23342.69921875
2026-09-22 12:50:00,23342.75,23343.5,23333.650390625,23335.099609375
2026-09-22 12:51:00,23335.849609375,23339.650390625,23331.400390625,23334.44921875
2026-09-22 12:52:00,23334.5,23345.650390625,23333.19921875,23341.849609375
2026-09-22 12:53:00,23341.94921875,23343.0,23337.44921875,23338.19921875
2026-09-22 12:54:00,23338.349609375,23340.19921875,23333.80078125,23334.25
2026-09-22 12:55:00,23334.19921875,23335.19921875,23324.650390625,23325.400390625
2026-09-22 12:56:00,23325.80078125,23338.25,23325.099609375,23338.19921875
2026-09-22 12:57:00,23338.25,23339.099609375,23333.05078125,23334.150390625
2026-09-22 12:58:00,23334.099609375,23336.349609375,23332.0,23332.599609375
2026-09-22 12:59:00,23332.75,23334.400390625,23331.349609375,23332.25
2026-09-22 13:00:00,23332.099609375,23333.05078125,23319.150390625,23323.099609375
2026-09-22 13:01:00,23323.19921875,23334.44921875,23320.150390625,23333.150390625
2026-09-22 13:02:00,23333.25,23334.44921875,23323.75,23324.80078125
2026-09-22 13:03:00,23324.94921875,23325.099609375,23320.849609375,23323.0
2026-09-22 13:04:00,23323.0,23326.75,23322.150390625,23325.30078125
2026-09-22 13:05:00,23325.099609375,23329.0,23324.0,23328.599609375
2026-09-22 13:06:00,23328.75,23333.650390625,23327.19921875,23332.650390625
2026-09-22 13:07:00,23332.900390625,23339.900390625,23331.75,23338.30078125
2026-09-22 13:08:00,23338.30078125,23339.5,23335.44921875,23338.900390625
2026-09-22 13:09:00,23339.150390625,23341.75,23337.099609375,23341.19921875
2026-09-22 13:10:00,23340.900390625,23343.0,23339.349609375,23340.55078125
2026-09-22 13:11:00,23340.55078125,23341.55078125,23337.25,23337.80078125
2026-09-22 13:12:00,23337.80078125,23340.30078125,23336.599609375,23339.75
2026-09-22 13:13:00,23339.75,23339.75,23335.099609375,23336.900390625
2026-09-22 13:14:00,23336.900390625,23341.099609375,23336.19921875,23339.55078125
2026-09-22 13:15:00,23339.150390625,23344.05078125,23338.150390625,23339.900390625
2026-09-22 13:16:00,23339.80078125,23340.80078125,23336.25,23338.44921875
2026-09-22 13:17:00,23338.650390625,23339.69921875,23331.94921875,23333.0
2026-09-22 13:18:00,23333.099609375,23334.75,23329.25,23332.400390625
2026-09-22 13:19:00,23332.44921875,23336.849609375,23331.5,23334.599609375
2026-09-22 13:20:00,23334.650390625,23335.94921875,23329.349609375,23329.650390625
2026-09-22 13:21:00,23329.650390625,23331.94921875,23326.849609375,23328.55078125
2026-09-22 13:22:00,23328.650390625,23329.650390625,23326.05078125,23327.400390625
2026-09-22 13:23:00,23327.44921875,23329.349609375,23325.94921875,23327.19921875
2026-09-22 13:24:00,23327.30078125,23332.099609375,23325.69921875,23331.80078125
2026-09-22 13:25:00,23331.80078125,23334.0,23330.0,23332.44921875
2026-09-22 13:26:00,23332.599609375,23334.94921875,23329.150390625,23330.900390625
2026-09-22 13:27:00,23331.0,23336.25,23329.349609375,23335.400390625
2026-09-22 13:28:00,23335.5,23340.94921875,23335.19921875,23337.75
2026-09-22 13:29:00,23338.30078125,23341.0,23336.30078125,23340.0
2026-09-22 13:30:00,23339.849609375,23343.0,23338.349609375,23341.94921875
2026-09-22 13:31:00,23341.69921875,23344.94921875,23340.94921875,23342.849609375
2026-09-22 13:32:00,23343.099609375,23345.0,23340.349609375,23340.94921875
2026-09-22 13:33:00,23341.25,23344.349609375,23339.5,23342.19921875
2026-09-22 13:34:00,23342.44921875,23347.400390625,23342.25,23343.599609375
2026-09-22 13:35:00,23343.55078125,23347.099609375,23341.55078125,23345.55078125
2026-09-22 13:36:00,23345.55078125,23348.55078125,23343.0,23345.349609375
2026-09-22 13:37:00,23345.349609375,23347.0,23343.30078125,23345.44921875
2026-09-22 13:38:00,23345.94921875,23347.349609375,23342.099609375,23343.0
2026-09-22 13:39:00,23343.69921875,23346.75,23341.19921875,23344.900390625
2026-09-22 13:40:00,23344.849609375,23348.19921875,23343.80078125,23345.849609375
2026-09-22 13:41:00,23345.94921875,23348.650390625,23344.400390625,23345.849609375
2026-09-22 13:42:00,23345.55078125,23355.349609375,23345.25,23352.44921875
2026-09-22 13:43:00,23352.44921875,23353.05078125,23343.69921875,23346.30078125
2026-09-22 13:44:00,23346.400390625,23346.650390625,23338.400390625,23339.30078125
2026-09-22 13:45:00,23339.349609375,23339.349609375,23330.5,23331.80078125
2026-09-22 13:46:00,23331.599609375,23333.44921875,23328.55078125,23329.94921875
2026-09-22 13:47:00,23329.900390625,23336.80078125,23329.44921875,23334.099609375
2026-09-22 13:48:00,23334.25,23336.099609375,23327.900390625,23328.44921875
2026-09-22 13:49:00,23328.5,23329.25,23321.349609375,23328.75
2026-09-22 13:50:00,23328.80078125,23329.19921875,23323.849609375,23324.349609375
2026-09-22 13:51:00,23325.0,23326.69921875,23319.44921875,23320.05078125
2026-09-22 13:52:00,23320.400390625,23328.19921875,23319.30078125,23327.19921875
2026-09-22 13:53:00,23326.94921875,23327.80078125,23307.650390625,23307.69921875
2026-09-22 13:54:00,23308.099609375,23310.25,23299.349609375,23307.5
2026-09-22 13:55:00,23307.5,23319.849609375,23306.400390625,23310.69921875
2026-09-22 13:56:00,23311.05078125,23311.05078125,23304.19921875,23305.599609375
2026-09-22 13:57:00,23305.900390625,23308.5,23304.19921875,23306.05078125
2026-09-22 13:58:00,23305.80078125,23310.150390625,23303.099609375,23305.75
2026-09-22 13:59:00,23306.25,23309.80078125,23302.44921875,23305.30078125
2026-09-22 14:00:00,23305.19921875,23305.80078125,23285.94921875,23288.599609375
2026-09-22 14:01:00,23288.650390625,23302.0,23287.599609375,23302.0
2026-09-22 14:02:00,23302.099609375,23304.75,23296.44921875,23298.80078125
2026-09-22 14:03:00,23298.80078125,23303.400390625,23296.400390625,23297.650390625
2026-09-22 14:04:00,23297.650390625,23308.80078125,23295.69921875,23308.400390625
2026-09-22 14:05:00,23308.44921875,23311.80078125,23298.55078125,23299.400390625
2026-09-22 14:06:00,23299.55078125,23309.0,23296.099609375,23306.650390625
2026-09-22 14:07:00,23306.599609375,23308.5,23298.30078125,23298.30078125
2026-09-22 14:08:00,23298.400390625,23302.94921875,23297.349609375,23302.150390625
2026-09-22 14:09:00,23302.150390625,23313.05078125,23301.80078125,23312.849609375
2026-09-22 14:10:00,23312.849609375,23321.30078125,23312.80078125,23317.55078125
2026-09-22 14:11:00,23317.44921875,23326.19921875,23312.400390625,23325.5
2026-09-22 14:12:00,23325.75,23340.05078125,23322.5,23339.80078125
2026-09-22 14:13:00,23339.400390625,23340.75,23331.75,23333.30078125
2026-09-22 14:14:00,23333.5,23383.900390625,23330.44921875,23383.0
2026-09-22 14:15:00,23382.599609375,23402.30078125,23373.05078125,23373.900390625
2026-09-22 14:16:00,23373.94921875,23376.400390625,23359.599609375,23376.05078125
2026-09-22 14:17:00,23376.55078125,23386.5,23375.25,23385.19921875
2026-09-22 14:18:00,23385.44921875,23388.5,23377.599609375,23384.94921875
2026-09-22 14:19:00,23385.0,23386.80078125,23379.099609375,23384.44921875
2026-09-22 14:20:00,23384.44921875,23396.94921875,23383.0,23393.849609375
2026-09-22 14:21:00,23393.94921875,23403.099609375,23391.80078125,23393.599609375
2026-09-22 14:22:00,23393.349609375,23400.900390625,23391.55078125,23395.75
2026-09-22 14:23:00,23395.69921875,23399.900390625,23388.69921875,23389.400390625
2026-09-22 14:24:00,23389.400390625,23393.19921875,23377.05078125,23378.900390625
2026-09-22 14:25:00,23379.05078125,23392.349609375,23378.099609375,23390.55078125
2026-09-22 14:26:00,23390.900390625,23394.849609375,23385.30078125,23392.75
2026-09-22 14:27:00,23393.099609375,23396.55078125,23386.349609375,23391.25
2026-09-22 14:28:00,23391.400390625,23391.849609375,23383.55078125,23390.80078125
2026-09-22 14:29:00,23391.349609375,23395.650390625,23388.599609375,23389.75
2026-09-22 14:30:00,23389.80078125,23392.94921875,23384.349609375,23390.69921875
2026-09-22 14:31:00,23390.5,23393.75,23386.0,23392.150390625
2026-09-22 14:32:00,23392.30078125,23397.650390625,23388.69921875,23394.099609375
2026-09-22 14:33:00,23394.099609375,23396.19921875,23385.25,23388.30078125
2026-09-22 14:34:00,23388.30078125,23388.94921875,23377.150390625,23381.30078125
2026-09-22 14:35:00,23381.30078125,23392.05078125,23379.94921875,23391.5
2026-09-22 14:36:00,23391.349609375,23396.44921875,23388.55078125,23394.69921875
2026-09-22 14:37:00,23394.900390625,23395.44921875,23383.349609375,23391.05078125
2026-09-22 14:38:00,23390.900390625,23392.05078125,23381.5,23384.099609375
2026-09-22 14:39:00,23384.099609375,23386.900390625,23382.69921875,23383.55078125
2026-09-22 14:40:00,23384.400390625,23389.400390625,23379.650390625,23380.05078125
2026-09-22 14:41:00,23380.80078125,23381.05078125,23373.400390625,23380.19921875
2026-09-22 14:42:00,23380.099609375,23380.55078125,23359.900390625,23367.849609375
2026-09-22 14:43:00,23367.650390625,23372.150390625,23366.599609375,23369.80078125
2026-09-22 14:44:00,23369.650390625,23376.349609375,23368.150390625,23368.75
2026-09-22 14:45:00,23369.0,23381.94921875,23367.599609375,23379.400390625
2026-09-22 14:46:00,23380.150390625,23380.849609375,23373.69921875,23378.5
2026-09-22 14:47:00,23378.099609375,23379.5,23373.30078125,23376.19921875
2026-09-22 14:48:00,23376.349609375,23379.19921875,23371.05078125,23375.0
2026-09-22 14:49:00,23375.0,23376.5,23371.19921875,23371.650390625
2026-09-22 14:50:00,23372.25,23382.400390625,23368.44921875,23382.0
2026-09-22 14:51:00,23382.30078125,23383.5,23373.05078125,23374.19921875
2026-09-22 14:52:00,23373.5,23379.900390625,23367.75,23378.69921875
2026-09-22 14:53:00,23379.05078125,23380.400390625,23371.25,23372.400390625
2026-09-22 14:54:00,23372.75,23381.05078125,23372.349609375,23378.0
2026-09-22 14:55:00,23378.30078125,23379.30078125,23368.099609375,23376.69921875
2026-09-22 14:56:00,23376.5,23377.69921875,23367.44921875,23369.5
2026-09-22 14:57:00,23370.25,23371.099609375,23365.900390625,23365.900390625
2026-09-22 14:58:00,23366.650390625,23367.44921875,23357.900390625,23360.650390625
2026-09-22 14:59:00,23360.0,23360.0,23350.75,23357.900390625
2026-09-22 15:00:00,23357.69921875,23362.05078125,23355.099609375,23355.94921875
2026-09-22 15:01:00,23356.099609375,23364.19921875,23353.400390625,23361.25
2026-09-22 15:02:00,23361.44921875,23365.30078125,23358.55078125,23358.849609375
2026-09-22 15:03:00,23359.0,23360.400390625,23353.05078125,23358.849609375
2026-09-22 15:04:00,23359.25,23362.69921875,23357.099609375,23357.900390625
2026-09-22 15:05:00,23358.25,23363.80078125,23356.5,23357.849609375
2026-09-22 15:06:00,23358.349609375,23359.19921875,23352.0,23356.44921875
2026-09-22 15:07:00,23356.900390625,23358.400390625,23351.599609375,23353.44921875
2026-09-22 15:08:00,23353.80078125,23356.0,23349.69921875,23350.400390625
2026-09-22 15:09:00,23350.44921875,23358.05078125,23348.55078125,23357.0
2026-09-22 15:10:00,23356.849609375,23358.650390625,23352.400390625,23358.650390625
2026-09-22 15:11:00,23358.900390625,23363.5,23356.099609375,23361.650390625
2026-09-22 15:12:00,23362.400390625,23363.150390625,23350.650390625,23359.05078125
2026-09-22 15:13:00,23360.5,23361.19921875,23349.69921875,23354.30078125
2026-09-22 15:14:00,23353.80078125,23358.25,23346.69921875,23348.099609375
2026-09-22 15:15:00,23349.55078125,23349.55078125,23349.5,23349.5
2026-09-22 15:16:00,23349.5,23349.5,23349.5,23349.5
2026-09-22 15:17:00,23349.5,23349.5,23349.5,23349.5
2026-09-22 15:18:00,23349.5,23349.5,23349.5,23349.5
2026-09-22 15:19:00,23349.5,23349.5,23349.5,23349.5
2026-09-22 15:20:00,23349.5,23349.5,23349.5,23349.5
2026-09-22 15:21:00,23349.5,23349.5,23349.5,23349.5
2026-09-22 15:22:00,23349.5,23349.5,23349.5,23349.5
2026-09-22 15:23:00,23349.5,23349.5,23349.5,23349.5
2026-09-22 15:24:00,23349.5,23349.5,23349.5,23349.5
2026-09-22 15:25:00,23349.5,23349.5,23349.5,23349.5
2026-09-22 15:26:00,23349.5,23349.5,23349.5,23349.5
2026-09-22 15:27:00,23349.5,23349.5,23349.5,23349.5
2026-09-22 15:28:00,23349.5,23349.5,23329.0,23329.0
2026-09-22 15:29:00,23329.0,23329.0,23329.0,23329.0
2026-09-23 09:15:00,23352.150390625,23404.25,23352.150390625,23355.25
2026-09-23 09:16:00,23354.80078125,23374.849609375,23354.80078125,23371.650390625
2026-09-23 09:17:00,23372.400390625,23392.650390625,23372.400390625,23390.650390625
2026-09-23 09:18:00,23391.44921875,23404.80078125,23390.75,23392.30078125
2026-09-23 09:19:00,23391.94921875,23409.44921875,23391.19921875,23406.349609375
2026-09-23 09:20:00,23406.349609375,23413.099609375,23405.75,23407.25
2026-09-23 09:21:00,23407.25,23413.900390625,23407.25,23409.25
2026-09-23 09:22:00,23409.099609375,23412.650390625,23400.19921875,23401.94921875
2026-09-23 09:23:00,23402.05078125,23404.44921875,23394.55078125,23396.19921875
2026-09-23 09:24:00,23396.349609375,23396.900390625,23389.19921875,23389.849609375
2026-09-23 09:25:00,23390.25,23392.349609375,23376.30078125,23381.25
2026-09-23 09:26:00,23380.900390625,23384.5,23375.75,23376.44921875
2026-09-23 09:27:00,23375.900390625,23379.849609375,23373.650390625,23374.44921875
2026-09-23 09:28:00,23374.75,23378.650390625,23367.69921875,23369.150390625
2026-09-23 09:29:00,23369.5,23374.75,23366.25,23367.75
2026-09-23 09:30:00,23367.849609375,23373.44921875,23367.849609375,23372.55078125
2026-09-23 09:31:00,23372.44921875,23373.650390625,23363.849609375,23364.44921875
2026-09-23 09:32:00,23364.599609375,23369.05078125,23364.400390625,23366.19921875
2026-09-23 09:33:00,23366.30078125,23369.900390625,23364.94921875,23367.400390625
2026-09-23 09:34:00,23367.30078125,23373.400390625,23366.349609375,23373.400390625
2026-09-23 09:35:00,23373.5,23380.0,23367.55078125,23370.05078125
2026-09-23 09:36:00,23370.05078125,23375.650390625,23362.69921875,23369.0
2026-09-23 09:37:00,23369.150390625,23374.55078125,23369.150390625,23374.5
2026-09-23 09:38:00,23374.5,23376.75,23373.599609375,23373.80078125
2026-09-23 09:39:00,23374.150390625,23377.80078125,23367.599609375,23369.650390625
2026-09-23 09:40:00,23369.75,23380.69921875,23369.75,23376.94921875
2026-09-23 09:41:00,23376.80078125,23379.0,23375.44921875,23376.80078125
2026-09-23 09:42:00,23376.650390625,23380.0,23376.05078125,23379.25
2026-09-23 09:43:00,23379.44921875,23381.099609375,23377.75,23379.5
2026-09-23 09:44:00,23379.55078125,23381.349609375,23375.0,23378.650390625
2026-09-23 09:45:00,23378.0,23386.05078125,23378.0,23381.75
2026-09-23 09:46:00,23381.849609375,23383.150390625,23380.55078125,23381.75
2026-09-23 09:47:00,23382.099609375,23386.30078125,23381.5,23385.400390625
2026-09-23 09:48:00,23386.44921875,23388.80078125,23372.44921875,23372.80078125
2026-09-23 09:49:00,23372.849609375,23374.44921875,23358.849609375,23364.849609375
2026-09-23 09:50:00,23364.94921875,23369.0,23363.150390625,23364.25
2026-09-23 09:51:00,23364.099609375,23365.94921875,23359.650390625,23362.599609375
2026-09-23 09:52:00,23362.650390625,23364.599609375,23360.05078125,23362.30078125
2026-09-23 09:53:00,23362.0,23368.599609375,23359.5,23359.5
2026-09-23 09:54:00,23359.650390625,23361.69921875,23349.69921875,23352.5
2026-09-23 09:55:00,23352.599609375,23359.0,23351.849609375,23357.55078125
2026-09-23 09:56:00,23357.55078125,23367.5,23357.55078125,23366.5
2026-09-23 09:57:00,23366.5,23373.80078125,23366.5,23370.75
2026-09-23 09:58:00,23370.55078125,23372.30078125,23367.25,23371.25
2026-09-23 09:59:00,23371.349609375,23377.5,23371.150390625,23377.05078125
2026-09-23 10:00:00,23377.05078125,23384.0,23376.599609375,23380.30078125
2026-09-23 10:01:00,23380.30078125,23380.80078125,23376.05078125,23376.44921875
2026-09-23 10:02:00,23376.05078125,23378.75,23370.349609375,23373.30078125
2026-09-23 10:03:00,23373.30078125,23376.900390625,23371.650390625,23376.849609375
2026-09-23 10:04:00,23376.75,23378.69921875,23374.94921875,23376.650390625
2026-09-23 10:05:00,23376.650390625,23380.44921875,23376.099609375,23378.30078125
2026-09-23 10:06:00,23377.75,23381.30078125,23377.650390625,23378.75
2026-09-23 10:07:00,23378.5,23379.650390625,23372.55078125,23372.599609375
2026-09-23 10:08:00,23373.0,23376.400390625,23371.150390625,23372.44921875
2026-09-23 10:09:00,23372.44921875,23373.900390625,23366.69921875,23366.900390625
2026-09-23 10:10:00,23366.849609375,23369.900390625,23365.25,23366.599609375
2026-09-23 10:11:00,23366.900390625,23367.69921875,23357.44921875,23357.900390625
2026-09-23 10:12:00,23357.900390625,23362.19921875,23355.599609375,23358.75
2026-09-23 10:13:00,23358.849609375,23366.150390625,23358.849609375,23364.69921875
2026-09-23 10:14:00,23364.69921875,23367.05078125,23363.150390625,23365.0
2026-09-23 10:15:00,23364.849609375,23375.25,23364.849609375,23374.44921875
2026-09-23 10:16:00,23374.44921875,23382.05078125,23374.44921875,23378.900390625
2026-09-23 10:17:00,23378.849609375,23388.900390625,23378.849609375,23385.44921875
2026-09-23 10:18:00,23385.44921875,23395.5,23385.349609375,23392.349609375
2026-09-23 10:19:00,23392.5,23393.900390625,23387.94921875,23393.349609375
2026-09-23 10:20:00,23393.25,23400.0,23391.349609375,23394.94921875
2026-09-23 10:21:00,23394.849609375,23397.400390625,23393.44921875,23395.19921875
2026-09-23 10:22:00,23394.849609375,23396.099609375,23390.150390625,23390.75
2026-09-23 10:23:00,23390.55078125,23394.75,23390.30078125,23393.400390625
2026-09-23 10:24:00,23393.849609375,23396.650390625,23391.94921875,23393.150390625
2026-09-23 10:25:00,23393.099609375,23394.349609375,23387.94921875,23388.94921875
2026-09-23 10:26:00,23389.400390625,23392.94921875,23387.900390625,23391.650390625
2026-09-23 10:27:00,23391.69921875,23397.599609375,23391.69921875,23396.44921875
2026-09-23 10:28:00,23396.44921875,23401.150390625,23396.150390625,23398.150390625
2026-09-23 10:29:00,23397.80078125,23400.599609375,23396.900390625,23398.349609375
2026-09-23 10:30:00,23398.400390625,23401.150390625,23398.400390625,23400.25
2026-09-23 10:31:00,23400.05078125,23403.55078125,23399.900390625,23400.44921875
2026-09-23 10:32:00,23400.599609375,23402.19921875,23399.75,23401.400390625
2026-09-23 10:33:00,23401.30078125,23404.30078125,23399.80078125,23402.75
2026-09-23 10:34:00,23402.75,23404.19921875,23398.5,23399.80078125
2026-09-23 10:35:00,23399.75,23402.25,23395.849609375,23396.19921875
2026-09-23 10:36:00,23396.19921875,23404.80078125,23396.19921875,23404.05078125
2026-09-23 10:37:00,23404.05078125,23408.30078125,23403.19921875,23408.19921875
2026-09-23 10:38:00,23407.80078125,23411.349609375,23407.75,23410.05078125
2026-09-23 10:39:00,23409.900390625,23412.25,23409.400390625,23410.099609375
2026-09-23 10:40:00,23410.19921875,23411.849609375,23406.44921875,23410.5
2026-09-23 10:41:00,23410.099609375,23412.05078125,23406.30078125,23408.150390625
2026-09-23 10:42:00,23408.0,23409.55078125,23406.150390625,23408.25
2026-09-23 10:43:00,23408.05078125,23409.19921875,23406.349609375,23409.0
2026-09-23 10:44:00,23409.0,23413.69921875,23408.150390625,23412.400390625
2026-09-23 10:45:00,23412.80078125,23418.25,23411.099609375,23416.849609375
2026-09-23 10:46:00,23416.849609375,23419.69921875,23415.349609375,23417.05078125
2026-09-23 10:47:00,23417.0,23419.150390625,23415.80078125,23418.599609375
2026-09-23 10:48:00,23418.349609375,23421.25,23417.5,23419.80078125
2026-09-23 10:49:00,23419.650390625,23421.30078125,23415.099609375,23416.75
2026-09-23 10:50:00,23416.69921875,23419.25,23415.80078125,23417.55078125
2026-09-23 10:51:00,23417.75,23419.900390625,23413.849609375,23413.900390625
2026-09-23 10:52:00,23414.150390625,23417.44921875,23413.55078125,23415.650390625
2026-09-23 10:53:00,23415.650390625,23419.599609375,23413.44921875,23418.650390625
2026-09-23 10:54:00,23418.650390625,23420.75,23416.05078125,23416.75
2026-09-23 10:55:00,23416.75,23419.75,23415.80078125,23418.0
2026-09-23 10:56:00,23418.349609375,23423.900390625,23418.349609375,23420.400390625
2026-09-23 10:57:00,23420.30078125,23423.30078125,23416.44921875,23418.19921875
2026-09-23 10:58:00,23418.19921875,23419.75,23414.94921875,23415.75
2026-09-23 10:59:00,23415.55078125,23417.5,23412.5,23415.5
2026-09-23 11:00:00,23415.5,23418.0,23413.650390625,23416.75
2026-09-23 11:01:00,23417.05078125,23419.69921875,23415.900390625,23417.650390625
2026-09-23 11:02:00,23417.80078125,23420.05078125,23417.55078125,23418.150390625
2026-09-23 11:03:00,23418.25,23420.75,23417.69921875,23418.0
2026-09-23 11:04:00,23418.099609375,23420.19921875,23413.849609375,23417.55078125
2026-09-23 11:05:00,23417.349609375,23422.900390625,23416.150390625,23421.900390625
2026-09-23 11:06:00,23421.80078125,23430.599609375,23421.80078125,23429.349609375
2026-09-23 11:07:00,23429.30078125,23432.599609375,23427.80078125,23430.80078125
2026-09-23 11:08:00,23430.75,23432.05078125,23425.05078125,23426.849609375
2026-09-23 11:09:00,23426.650390625,23428.900390625,23424.5,23427.0
2026-09-23 11:10:00,23427.0,23432.55078125,23426.099609375,23430.80078125
2026-09-23 11:11:00,23430.80078125,23433.55078125,23428.55078125,23430.0
2026-09-23 11:12:00,23429.849609375,23435.349609375,23428.75,23434.150390625
2026-09-23 11:13:00,23434.94921875,23441.25,23433.75,23436.400390625
2026-09-23 11:14:00,23436.400390625,23438.75,23435.44921875,23436.099609375
2026-09-23 11:15:00,23435.94921875,23437.400390625,23428.44921875,23429.25
2026-09-23 11:16:00,23429.44921875,23430.80078125,23426.05078125,23427.650390625
2026-09-23 11:17:00,23427.25,23429.94921875,23422.30078125,23423.099609375
2026-09-23 11:18:00,23422.80078125,23424.44921875,23420.099609375,23422.5
2026-09-23 11:19:00,23422.5,23426.150390625,23421.55078125,23422.55078125
2026-09-23 11:20:00,23422.599609375,23430.400390625,23422.349609375,23429.650390625
2026-09-23 11:21:00,23429.55078125,23431.400390625,23425.19921875,23426.19921875
2026-09-23 11:22:00,23426.5,23430.05078125,23426.349609375,23427.650390625
2026-09-23 11:23:00,23427.75,23429.19921875,23426.650390625,23427.55078125
2026-09-23 11:24:00,23427.55078125,23428.94921875,23426.099609375,23427.19921875
2026-09-23 11:25:00,23427.30078125,23431.05078125,23426.150390625,23428.849609375
2026-09-23 11:26:00,23429.30078125,23435.05078125,23429.30078125,23431.94921875
2026-09-23 11:27:00,23432.30078125,23435.55078125,23428.5,23429.25
2026-09-23 11:28:00,23429.349609375,23430.94921875,23423.849609375,23425.94921875
2026-09-23 11:29:00,23426.0,23428.849609375,23425.349609375,23427.80078125
2026-09-23 11:30:00,23427.80078125,23436.650390625,23427.05078125,23435.349609375
2026-09-23 11:31:00,23435.30078125,23437.19921875,23433.05078125,23435.69921875
2026-09-23 11:32:00,23435.30078125,23442.05078125,23435.30078125,23441.099609375
2026-09-23 11:33:00,23441.05078125,23442.75,23438.599609375,23442.599609375
2026-09-23 11:34:00,23442.599609375,23445.400390625,23438.94921875,23440.400390625
2026-09-23 11:35:00,23440.400390625,23441.5,23433.349609375,23434.650390625
2026-09-23 11:36:00,23434.650390625,23439.0,23433.80078125,23437.80078125
2026-09-23 11:37:00,23437.75,23442.44921875,23437.75,23439.75
2026-09-23 11:38:00,23440.25,23441.150390625,23436.900390625,23440.25
2026-09-23 11:39:00,23440.099609375,23441.30078125,23434.900390625,23436.75
2026-09-23 11:40:00,23436.650390625,23439.150390625,23434.55078125,23436.599609375
2026-09-23 11:41:00,23436.25,23440.5,23435.650390625,23437.0
2026-09-23 11:42:00,23436.94921875,23439.19921875,23434.75,23435.75
2026-09-23 11:43:00,23435.94921875,23438.900390625,23435.5,23438.75
2026-09-23 11:44:00,23438.69921875,23439.099609375,23435.599609375,23438.80078125
2026-09-23 11:45:00,23438.55078125,23443.19921875,23438.55078125,23439.349609375
2026-09-23 11:46:00,23439.400390625,23442.0,23437.94921875,23440.94921875
2026-09-23 11:47:00,23440.849609375,23443.900390625,23440.150390625,23443.400390625
2026-09-23 11:48:00,23443.400390625,23444.400390625,23435.80078125,23438.349609375
2026-09-23 11:49:00,23438.400390625,23441.55078125,23434.19921875,23435.0
2026-09-23 11:50:00,23434.55078125,23436.349609375,23426.599609375,23428.849609375
2026-09-23 11:51:00,23429.0,23431.900390625,23426.900390625,23428.0
2026-09-23 11:52:00,23427.94921875,23431.44921875,23426.400390625,23430.44921875
2026-09-23 11:53:00,23430.25,23432.80078125,23427.94921875,23428.69921875
2026-09-23 11:54:00,23428.69921875,23431.25,23427.099609375,23427.650390625
2026-09-23 11:55:00,23427.599609375,23430.55078125,23426.5,23427.599609375
2026-09-23 11:56:00,23427.55078125,23430.80078125,23425.900390625,23429.849609375
2026-09-23 11:57:00,23429.900390625,23431.099609375,23424.30078125,23424.650390625
2026-09-23 11:58:00,23424.69921875,23428.30078125,23424.650390625,23426.55078125
2026-09-23 11:59:00,23426.55078125,23430.099609375,23425.900390625,23429.55078125
2026-09-23 12:00:00,23428.94921875,23433.349609375,23428.94921875,23432.599609375
2026-09-23 12:01:00,23432.5,23439.69921875,23431.80078125,23439.55078125
2026-09-23 12:02:00,23439.400390625,23444.0,23438.44921875,23443.30078125
2026-09-23 12:03:00,23443.349609375,23448.5,23443.0,23447.75
2026-09-23 12:04:00,23447.900390625,23449.599609375,23445.25,23447.80078125
2026-09-23 12:05:00,23448.05078125,23451.05078125,23446.69921875,23448.69921875
2026-09-23 12:06:00,23448.599609375,23455.349609375,23448.099609375,23454.599609375
2026-09-23 12:07:00,23454.55078125,23456.0,23447.5,23447.900390625
2026-09-23 12:08:00,23447.849609375,23450.900390625,23446.94921875,23447.55078125
2026-09-23 12:09:00,23447.650390625,23449.599609375,23444.900390625,23448.400390625
2026-09-23 12:10:00,23448.400390625,23454.55078125,23447.44921875,23454.099609375
2026-09-23 12:11:00,23454.25,23457.349609375,23451.849609375,23454.5
2026-09-23 12:12:00,23454.599609375,23458.19921875,23454.599609375,23457.80078125
2026-09-23 12:13:00,23458.099609375,23462.650390625,23455.650390625,23459.19921875
2026-09-23 12:14:00,23458.849609375,23461.94921875,23456.80078125,23458.05078125
2026-09-23 12:15:00,23458.099609375,23459.5,23455.94921875,23458.0
2026-09-23 12:16:00,23458.05078125,23460.19921875,23455.099609375,23457.099609375
2026-09-23 12:17:00,23457.099609375,23461.0,23456.0,23456.30078125
2026-09-23 12:18:00,23456.5,23460.849609375,23454.75,23460.650390625
2026-09-23 12:19:00,23460.650390625,23463.80078125,23457.5,23462.650390625
2026-09-23 12:20:00,23462.55078125,23466.900390625,23460.05078125,23462.900390625
2026-09-23 12:21:00,23462.849609375,23464.0,23459.150390625,23460.150390625
2026-09-23 12:22:00,23460.150390625,23462.25,23457.25,23458.599609375
2026-09-23 12:23:00,23458.599609375,23461.150390625,23454.5,23455.25
2026-09-23 12:24:00,23455.30078125,23457.349609375,23451.55078125,23453.75
2026-09-23 12:25:00,23453.69921875,23456.400390625,23448.599609375,23450.30078125
2026-09-23 12:26:00,23450.400390625,23452.849609375,23448.30078125,23448.599609375
2026-09-23 12:27:00,23448.599609375,23455.30078125,23447.05078125,23453.30078125
2026-09-23 12:28:00,23453.30078125,23456.44921875,23451.849609375,23453.0
2026-09-23 12:29:00,23452.94921875,23454.69921875,23448.099609375,23449.400390625
2026-09-23 12:30:00,23449.5,23452.94921875,23448.150390625,23449.400390625
2026-09-23 12:31:00,23449.150390625,23450.650390625,23444.849609375,23445.30078125
2026-09-23 12:32:00,23445.30078125,23447.94921875,23443.69921875,23446.0
2026-09-23 12:33:00,23446.150390625,23450.69921875,23445.599609375,23449.69921875
2026-09-23 12:34:00,23449.400390625,23451.150390625,23447.849609375,23449.150390625
2026-09-23 12:35:00,23449.099609375,23456.05078125,23449.099609375,23452.650390625
2026-09-23 12:36:00,23452.69921875,23454.0,23449.25,23449.349609375
2026-09-23 12:37:00,23449.44921875,23452.44921875,23448.25,23449.349609375
2026-09-23 12:38:00,23449.349609375,23451.0,23448.05078125,23450.400390625
2026-09-23 12:39:00,23450.5,23451.80078125,23447.5,23450.400390625
2026-09-23 12:40:00,23450.44921875,23452.400390625,23449.650390625,23451.30078125
2026-09-23 12:41:00,23451.099609375,23453.25,23450.94921875,23451.19921875
2026-09-23 12:42:00,23451.19921875,23452.599609375,23450.349609375,23452.599609375
2026-09-23 12:43:00,23452.44921875,23453.0,23447.69921875,23449.0
2026-09-23 12:44:00,23449.05078125,23452.150390625,23447.80078125,23448.80078125
2026-09-23 12:45:00,23448.849609375,23451.5,23446.80078125,23449.55078125
2026-09-23 12:46:00,23449.599609375,23450.94921875,23443.25,23445.150390625
2026-09-23 12:47:00,23444.849609375,23446.349609375,23442.25,23443.25
2026-09-23 12:48:00,23443.30078125,23445.0,23440.44921875,23443.650390625
2026-09-23 12:49:00,23443.75,23447.19921875,23442.849609375,23446.650390625
2026-09-23 12:50:00,23446.5,23449.5,23445.349609375,23448.94921875
2026-09-23 12:51:00,23448.849609375,23452.05078125,23446.55078125,23448.44921875
2026-09-23 12:52:00,23448.30078125,23450.55078125,23445.75,23449.650390625
2026-09-23 12:53:00,23449.55078125,23451.19921875,23444.599609375,23445.900390625
2026-09-23 12:54:00,23445.94921875,23446.80078125,23442.55078125,23444.5
2026-09-23 12:55:00,23444.5,23447.849609375,23443.0,23444.150390625
2026-09-23 12:56:00,23443.849609375,23448.19921875,23442.69921875,23446.650390625
2026-09-23 12:57:00,23446.349609375,23450.099609375,23445.150390625,23448.44921875
2026-09-23 12:58:00,23448.44921875,23452.0,23446.75,23450.150390625
2026-09-23 12:59:00,23450.150390625,23454.05078125,23450.05078125,23453.25
2026-09-23 13:00:00,23453.0,23454.05078125,23449.599609375,23452.25
2026-09-23 13:01:00,23452.349609375,23455.44921875,23450.150390625,23451.650390625
2026-09-23 13:02:00,23451.650390625,23456.150390625,23451.099609375,23455.80078125
2026-09-23 13:03:00,23455.650390625,23458.400390625,23453.849609375,23457.25
2026-09-23 13:04:00,23457.25,23458.55078125,23453.849609375,23455.650390625
2026-09-23 13:05:00,23455.69921875,23457.80078125,23448.650390625,23451.150390625
2026-09-23 13:06:00,23451.150390625,23452.900390625,23448.44921875,23451.05078125
2026-09-23 13:07:00,23451.30078125,23456.900390625,23450.44921875,23455.650390625
2026-09-23 13:08:00,23455.75,23458.599609375,23454.05078125,23455.30078125
2026-09-23 13:09:00,23455.30078125,23455.75,23448.0,23448.75
2026-09-23 13:10:00,23448.75,23451.25,23446.099609375,23447.44921875
2026-09-23 13:11:00,23447.69921875,23448.349609375,23440.80078125,23444.05078125
2026-09-23 13:12:00,23443.900390625,23448.599609375,23443.05078125,23445.150390625
2026-09-23 13:13:00,23445.25,23446.150390625,23441.94921875,23443.650390625
2026-09-23 13:14:00,23443.650390625,23446.849609375,23441.75,23446.30078125
2026-09-23 13:15:00,23446.30078125,23448.0,23444.30078125,23447.650390625
2026-09-23 13:16:00,23447.599609375,23450.5,23446.55078125,23449.349609375
2026-09-23 13:17:00,23449.349609375,23451.349609375,23445.599609375,23447.44921875
2026-09-23 13:18:00,23447.349609375,23450.19921875,23445.44921875,23446.94921875
2026-09-23 13:19:00,23446.900390625,23449.0,23446.0,23448.25
2026-09-23 13:20:00,23447.650390625,23449.150390625,23446.400390625,23448.30078125
2026-09-23 13:21:00,23448.30078125,23449.349609375,23446.30078125,23447.69921875
2026-09-23 13:22:00,23447.400390625,23452.099609375,23446.75,23449.55078125
2026-09-23 13:23:00,23449.349609375,23452.650390625,23448.25,23451.900390625
2026-09-23 13:24:00,23451.94921875,23452.75,23449.80078125,23450.849609375
2026-09-23 13:25:00,23450.849609375,23453.55078125,23449.400390625,23450.5
2026-09-23 13:26:00,23450.349609375,23453.75,23449.19921875,23451.0
2026-09-23 13:27:00,23450.94921875,23453.44921875,23447.349609375,23448.150390625
2026-09-23 13:28:00,23448.19921875,23449.75,23445.900390625,23448.0
2026-09-23 13:29:00,23447.75,23450.0,23438.44921875,23439.0
2026-09-23 13:30:00,23439.400390625,23440.75,23434.30078125,23435.69921875
2026-09-23 13:31:00,23435.69921875,23437.25,23430.05078125,23431.0
2026-09-23 13:32:00,23431.0,23435.099609375,23428.94921875,23429.599609375
2026-09-23 13:33:00,23429.599609375,23432.75,23426.94921875,23427.150390625
2026-09-23 13:34:00,23426.900390625,23428.80078125,23424.55078125,23424.69921875
2026-09-23 13:35:00,23424.55078125,23426.650390625,23418.349609375,23418.80078125
2026-09-23 13:36:00,23418.650390625,23420.849609375,23417.599609375,23420.099609375
2026-09-23 13:37:00,23419.849609375,23426.44921875,23419.5,23425.150390625
2026-09-23 13:38:00,23425.05078125,23426.69921875,23421.30078125,23423.30078125
2026-09-23 13:39:00,23423.30078125,23426.400390625,23422.900390625,23424.94921875
2026-09-23 13:40:00,23424.94921875,23427.30078125,23423.150390625,23425.349609375
2026-09-23 13:41:00,23425.19921875,23427.05078125,23424.19921875,23427.05078125
2026-09-23 13:42:00,23427.599609375,23431.25,23427.099609375,23429.150390625
2026-09-23 13:43:00,23429.19921875,23430.55078125,23427.849609375,23429.650390625
2026-09-23 13:44:00,23429.69921875,23431.400390625,23427.94921875,23431.05078125
2026-09-23 13:45:00,23431.05078125,23432.150390625,23430.44921875,23431.099609375
2026-09-23 13:46:00,23431.44921875,23432.5,23428.44921875,23429.30078125
2026-09-23 13:47:00,23429.30078125,23431.44921875,23426.69921875,23428.0
2026-09-23 13:48:00,23427.94921875,23429.80078125,23426.75,23429.5
2026-09-23 13:49:00,23429.400390625,23431.25,23428.30078125,23430.80078125
2026-09-23 13:50:00,23430.80078125,23431.5,23428.94921875,23429.80078125
2026-09-23 13:51:00,23429.44921875,23430.75,23424.5,23425.0
2026-09-23 13:52:00,23425.0,23426.55078125,23422.650390625,23423.19921875
2026-09-23 13:53:00,23423.30078125,23427.349609375,23422.19921875,23426.19921875
2026-09-23 13:54:00,23426.05078125,23428.099609375,23425.55078125,23427.900390625
2026-09-23 13:55:00,23428.0,23430.349609375,23426.80078125,23427.69921875
2026-09-23 13:56:00,23427.80078125,23428.55078125,23423.400390625,23424.75
2026-09-23 13:57:00,23424.650390625,23425.650390625,23422.400390625,23424.400390625
2026-09-23 13:58:00,23424.400390625,23425.650390625,23422.150390625,23424.19921875
2026-09-23 13:59:00,23424.05078125,23426.44921875,23423.80078125,23426.349609375
2026-09-23 14:00:00,23426.55078125,23430.5,23425.94921875,23428.849609375
2026-09-23 14:01:00,23428.849609375,23430.25,23427.5,23428.44921875
2026-09-23 14:02:00,23428.44921875,23432.05078125,23428.0,23429.650390625
2026-09-23 14:03:00,23429.599609375,23437.650390625,23429.599609375,23435.0
2026-09-23 14:04:00,23435.0,23436.80078125,23432.94921875,23435.099609375
2026-09-23 14:05:00,23435.099609375,23437.650390625,23433.900390625,23435.099609375
2026-09-23 14:06:00,23435.099609375,23438.400390625,23434.400390625,23437.69921875
2026-09-23 14:07:00,23437.80078125,23441.75,23434.80078125,23440.150390625
2026-09-23 14:08:00,23440.150390625,23441.0,23438.099609375,23440.19921875
2026-09-23 14:09:00,23440.0,23443.05078125,23439.05078125,23442.94921875
2026-09-23 14:10:00,23442.80078125,23445.69921875,23441.150390625,23444.599609375
2026-09-23 14:11:00,23444.55078125,23449.19921875,23444.44921875,23448.5
2026-09-23 14:12:00,23448.25,23451.44921875,23447.94921875,23450.849609375
2026-09-23 14:13:00,23450.75,23451.150390625,23448.5,23449.44921875
2026-09-23 14:14:00,23449.650390625,23451.900390625,23447.69921875,23451.75
2026-09-23 14:15:00,23451.650390625,23452.75,23448.75,23449.05078125
2026-09-23 14:16:00,23449.150390625,23450.099609375,23445.849609375,23446.599609375
2026-09-23 14:17:00,23446.599609375,23448.05078125,23444.05078125,23445.150390625
2026-09-23 14:18:00,23445.099609375,23446.30078125,23443.44921875,23445.099609375
2026-09-23 14:19:00,23445.099609375,23446.650390625,23443.099609375,23444.150390625
2026-09-23 14:20:00,23444.099609375,23445.0,23439.349609375,23440.0
2026-09-23 14:21:00,23440.0,23443.30078125,23439.25,23442.349609375
2026-09-23 14:22:00,23442.25,23444.80078125,23439.05078125,23443.69921875
2026-09-23 14:23:00,23443.69921875,23451.0,23442.599609375,23449.94921875
2026-09-23 14:24:00,23449.94921875,23450.599609375,23447.55078125,23448.55078125
2026-09-23 14:25:00,23449.44921875,23449.599609375,23445.5,23447.650390625
2026-09-23 14:26:00,23447.650390625,23450.099609375,23446.80078125,23448.849609375
2026-09-23 14:27:00,23448.400390625,23452.25,23448.400390625,23451.75
2026-09-23 14:28:00,23451.0,23456.099609375,23450.150390625,23454.19921875
2026-09-23 14:29:00,23453.900390625,23458.80078125,23452.0,23457.55078125
2026-09-23 14:30:00,23457.55078125,23459.94921875,23457.19921875,23458.099609375
2026-09-23 14:31:00,23457.599609375,23459.69921875,23453.25,23453.599609375
2026-09-23 14:32:00,23453.75,23454.75,23452.0,23452.44921875
2026-09-23 14:33:00,23452.5,23453.599609375,23447.650390625,23448.849609375
2026-09-23 14:34:00,23448.44921875,23449.69921875,23441.900390625,23443.0
2026-09-23 14:35:00,23442.94921875,23444.0,23434.75,23435.349609375
2026-09-23 14:36:00,23435.19921875,23437.5,23433.849609375,23437.099609375
2026-09-23 14:37:00,23437.099609375,23439.099609375,23434.5,23438.55078125
2026-09-23 14:38:00,23438.5,23440.05078125,23434.80078125,23438.25
2026-09-23 14:39:00,23438.25,23440.25,23437.650390625,23438.900390625
2026-09-23 14:40:00,23438.849609375,23441.69921875,23434.099609375,23436.0
2026-09-23 14:41:00,23435.94921875,23437.55078125,23434.400390625,23436.05078125
2026-09-23 14:42:00,23435.849609375,23438.650390625,23433.25,23436.099609375
2026-09-23 14:43:00,23436.099609375,23437.69921875,23429.80078125,23431.150390625
2026-09-23 14:44:00,23431.0,23432.650390625,23426.80078125,23427.55078125
2026-09-23 14:45:00,23427.599609375,23432.349609375,23424.94921875,23430.80078125
2026-09-23 14:46:00,23430.900390625,23433.80078125,23429.150390625,23432.650390625
2026-09-23 14:47:00,23432.80078125,23433.25,23423.5,23424.5
2026-09-23 14:48:00,23424.19921875,23428.900390625,23423.44921875,23428.650390625
2026-09-23 14:49:00,23428.69921875,23431.69921875,23428.25,23430.5
2026-09-23 14:50:00,23430.099609375,23431.0,23424.05078125,23427.099609375
2026-09-23 14:51:00,23426.900390625,23433.650390625,23426.25,23431.5
2026-09-23 14:52:00,23431.400390625,23434.25,23429.349609375,23430.0
2026-09-23 14:53:00,23430.0,23432.400390625,23426.900390625,23431.5
2026-09-23 14:54:00,23431.599609375,23434.400390625,23429.94921875,23432.30078125
2026-09-23 14:55:00,23432.30078125,23435.400390625,23432.0,23433.0
2026-09-23 14:56:00,23433.25,23434.150390625,23424.80078125,23425.5
2026-09-23 14:57:00,23425.94921875,23427.69921875,23421.94921875,23423.44921875
2026-09-23 14:58:00,23423.400390625,23425.80078125,23418.44921875,23419.05078125
2026-09-23 14:59:00,23419.0,23423.349609375,23415.900390625,23422.44921875
2026-09-23 15:00:00,23422.44921875,23423.80078125,23419.69921875,23421.400390625
2026-09-23 15:01:00,23421.25,23427.30078125,23419.44921875,23419.69921875
2026-09-23 15:02:00,23419.900390625,23420.80078125,23412.900390625,23414.5
2026-09-23 15:03:00,23414.5,23414.94921875,23408.650390625,23410.599609375
2026-09-23 15:04:00,23410.599609375,23413.69921875,23408.400390625,23411.900390625
2026-09-23 15:05:00,23412.099609375,23418.849609375,23412.099609375,23417.55078125
2026-09-23 15:06:00,23417.55078125,23423.0,23416.5,23419.69921875
2026-09-23 15:07:00,23419.75,23421.30078125,23417.900390625,23419.900390625
2026-09-23 15:08:00,23419.94921875,23422.349609375,23419.099609375,23419.19921875
2026-09-23 15:09:00,23419.25,23421.5,23416.400390625,23417.75
2026-09-23 15:10:00,23418.0,23419.05078125,23414.349609375,23417.80078125
2026-09-23 15:11:00,23417.849609375,23422.55078125,23415.349609375,23422.44921875
2026-09-23 15:12:00,23421.94921875,23424.69921875,23416.349609375,23420.099609375
2026-09-23 15:13:00,23420.349609375,23424.19921875,23414.599609375,23419.650390625
2026-09-23 15:14:00,23420.0,23435.150390625,23415.80078125,23432.150390625
2026-09-23 15:15:00,23431.650390625,23431.650390625,23431.349609375,23431.349609375
2026-09-23 15:16:00,23431.349609375,23431.349609375,23431.349609375,23431.349609375
2026-09-23 15:17:00,23431.349609375,23431.349609375,23431.349609375,23431.349609375
2026-09-23 15:18:00,23431.349609375,23431.349609375,23431.349609375,23431.349609375
2026-09-23 15:19:00,23431.349609375,23431.349609375,23431.349609375,23431.349609375
2026-09-23 15:20:00,23431.349609375,23431.349609375,23431.349609375,23431.349609375
2026-09-23 15:21:00,23431.349609375,23431.349609375,23431.349609375,23431.349609375
2026-09-23 15:22:00,23431.349609375,23431.349609375,23431.349609375,23431.349609375
2026-09-23 15:23:00,23431.349609375,23431.349609375,23431.349609375,23431.349609375
2026-09-23 15:24:00,23431.349609375,23431.349609375,23431.349609375,23431.349609375
2026-09-23 15:25:00,23431.349609375,23431.349609375,23431.349609375,23431.349609375
2026-09-23 15:26:00,23431.349609375,23431.349609375,23431.349609375,23431.349609375
2026-09-23 15:27:00,23431.349609375,23431.349609375,23431.349609375,23431.349609375
2026-09-23 15:28:00,23431.349609375,23431.349609375,23431.349609375,23431.349609375
2026-09-23 15:29:00,23431.349609375,23446.80078125,23431.349609375,23446.80078125
2026-09-24 09:15:00,23220.25,23280.599609375,23215.650390625,23258.599609375
2026-09-24 09:16:00,23258.0,23258.900390625,23232.55078125,23235.599609375
2026-09-24 09:17:00,23235.849609375,23243.80078125,23230.30078125,23235.80078125
2026-09-24 09:18:00,23235.400390625,23246.0,23231.05078125,23242.30078125
2026-09-24 09:19:00,23241.94921875,23245.599609375,23223.099609375,23227.0
2026-09-24 09:20:00,23226.94921875,23231.05078125,23220.55078125,23227.349609375
2026-09-24 09:21:00,23227.849609375,23240.650390625,23222.94921875,23238.80078125
2026-09-24 09:22:00,23239.75,23251.80078125,23238.19921875,23249.150390625
2026-09-24 09:23:00,23249.80078125,23253.30078125,23242.44921875,23246.25
2026-09-24 09:24:00,23246.55078125,23252.849609375,23242.099609375,23243.349609375
2026-09-24 09:25:00,23243.05078125,23243.650390625,23234.44921875,23242.75
2026-09-24 09:26:00,23242.599609375,23251.150390625,23238.30078125,23246.30078125
2026-09-24 09:27:00,23246.5,23249.25,23244.05078125,23247.099609375
2026-09-24 09:28:00,23247.25,23253.19921875,23245.19921875,23252.19921875
2026-09-24 09:29:00,23252.349609375,23261.55078125,23249.650390625,23260.19921875
2026-09-24 09:30:00,23260.55078125,23261.75,23251.25,23256.599609375
2026-09-24 09:31:00,23256.69921875,23261.0,23254.44921875,23260.94921875
2026-09-24 09:32:00,23261.19921875,23272.0,23260.19921875,23267.55078125
2026-09-24 09:33:00,23267.400390625,23268.849609375,23256.94921875,23262.650390625
2026-09-24 09:34:00,23262.900390625,23265.5,23260.75,23264.099609375
2026-09-24 09:35:00,23264.5,23269.900390625,23262.55078125,23267.05078125
2026-09-24 09:36:00,23266.94921875,23271.099609375,23264.650390625,23270.25
2026-09-24 09:37:00,23270.150390625,23271.599609375,23264.69921875,23264.69921875
2026-09-24 09:38:00,23265.44921875,23267.150390625,23254.099609375,23254.099609375
2026-09-24 09:39:00,23253.900390625,23256.599609375,23246.900390625,23247.19921875
2026-09-24 09:40:00,23247.400390625,23249.94921875,23236.599609375,23244.44921875
2026-09-24 09:41:00,23244.19921875,23244.19921875,23233.150390625,23235.150390625
2026-09-24 09:42:00,23235.400390625,23239.849609375,23229.849609375,23237.400390625
2026-09-24 09:43:00,23237.599609375,23238.5,23225.150390625,23228.5
2026-09-24 09:44:00,23228.650390625,23229.599609375,23224.900390625,23226.75
2026-09-24 09:45:00,23226.69921875,23229.650390625,23218.80078125,23228.599609375
2026-09-24 09:46:00,23228.69921875,23233.69921875,23220.19921875,23221.599609375
2026-09-24 09:47:00,23221.69921875,23223.80078125,23217.099609375,23218.5
2026-09-24 09:48:00,23218.650390625,23227.5,23216.650390625,23226.55078125
2026-09-24 09:49:00,23226.55078125,23238.400390625,23224.150390625,23237.94921875
2026-09-24 09:50:00,23237.55078125,23239.349609375,23229.75,23233.5
2026-09-24 09:51:00,23234.150390625,23235.5,23224.099609375,23224.849609375
2026-09-24 09:52:00,23224.69921875,23228.650390625,23223.150390625,23225.599609375
2026-09-24 09:53:00,23226.599609375,23229.849609375,23218.099609375,23219.099609375
2026-09-24 09:54:00,23219.599609375,23222.349609375,23217.650390625,23218.44921875
2026-09-24 09:55:00,23218.5,23218.5,23208.900390625,23214.599609375
2026-09-24 09:56:00,23214.69921875,23223.05078125,23212.900390625,23220.94921875
2026-09-24 09:57:00,23221.599609375,23222.80078125,23217.25,23220.599609375
2026-09-24 09:58:00,23220.849609375,23227.69921875,23218.44921875,23226.900390625
2026-09-24 09:59:00,23226.900390625,23227.25,23221.400390625,23225.5
2026-09-24 10:00:00,23225.900390625,23230.44921875,23224.0,23229.0
2026-09-24 10:01:00,23229.099609375,23233.19921875,23227.400390625,23229.599609375
2026-09-24 10:02:00,23230.19921875,23233.5,23226.099609375,23233.05078125
2026-09-24 10:03:00,23233.400390625,23238.94921875,23231.349609375,23236.75
2026-09-24 10:04:00,23236.650390625,23237.80078125,23234.44921875,23235.650390625
2026-09-24 10:05:00,23235.80078125,23235.80078125,23227.900390625,23234.0
2026-09-24 10:06:00,23233.900390625,23233.900390625,23228.80078125,23229.25
2026-09-24 10:07:00,23229.44921875,23232.80078125,23227.94921875,23232.30078125
2026-09-24 10:08:00,23232.25,23242.849609375,23230.80078125,23241.349609375
2026-09-24 10:09:00,23241.75,23245.099609375,23239.69921875,23239.94921875
2026-09-24 10:10:00,23240.0,23240.599609375,23229.44921875,23231.099609375
2026-09-24 10:11:00,23231.19921875,23235.849609375,23225.44921875,23234.25
2026-09-24 10:12:00,23234.69921875,23234.69921875,23225.900390625,23225.900390625
2026-09-24 10:13:00,23226.0,23230.05078125,23223.55078125,23225.599609375
2026-09-24 10:14:00,23225.69921875,23226.099609375,23215.69921875,23218.5
2026-09-24 10:15:00,23218.80078125,23222.55078125,23215.099609375,23216.5
2026-09-24 10:16:00,23216.30078125,23222.19921875,23215.44921875,23216.25
2026-09-24 10:17:00,23216.599609375,23216.599609375,23205.349609375,23209.650390625
2026-09-24 10:18:00,23210.25,23215.900390625,23208.75,23214.0
2026-09-24 10:19:00,23214.69921875,23220.75,23210.25,23220.5
2026-09-24 10:20:00,23220.75,23223.150390625,23215.150390625,23217.55078125
2026-09-24 10:21:00,23217.599609375,23217.69921875,23206.599609375,23207.900390625
2026-09-24 10:22:00,23208.05078125,23209.30078125,23197.44921875,23197.849609375
2026-09-24 10:23:00,23197.69921875,23202.69921875,23196.44921875,23201.849609375
2026-09-24 10:24:00,23202.0,23211.75,23200.0,23209.69921875
2026-09-24 10:25:00,23209.900390625,23209.900390625,23202.55078125,23204.05078125
2026-09-24 10:26:00,23204.94921875,23210.30078125,23202.19921875,23210.150390625
2026-09-24 10:27:00,23209.94921875,23212.80078125,23207.400390625,23208.400390625
2026-09-24 10:28:00,23208.400390625,23211.849609375,23204.349609375,23207.44921875
2026-09-24 10:29:00,23207.5,23213.30078125,23207.25,23210.55078125
2026-09-24 10:30:00,23210.650390625,23214.900390625,23209.849609375,23213.25
2026-09-24 10:31:00,23213.349609375,23218.900390625,23212.349609375,23218.25
2026-09-24 10:32:00,23218.44921875,23223.80078125,23217.75,23223.55078125
2026-09-24 10:33:00,23223.75,23230.05078125,23222.099609375,23229.25
2026-09-24 10:34:00,23229.349609375,23230.650390625,23223.25,23228.150390625
2026-09-24 10:35:00,23228.75,23229.900390625,23218.30078125,23220.0
2026-09-24 10:36:00,23220.05078125,23231.900390625,23219.349609375,23230.75
2026-09-24 10:37:00,23231.650390625,23233.349609375,23228.05078125,23233.150390625
2026-09-24 10:38:00,23233.099609375,23236.0,23227.900390625,23228.849609375
2026-09-24 10:39:00,23229.19921875,23231.400390625,23225.19921875,23230.349609375
2026-09-24 10:40:00,23230.30078125,23230.5,23220.400390625,23222.05078125
2026-09-24 10:41:00,23221.900390625,23224.80078125,23218.94921875,23221.55078125
2026-09-24 10:42:00,23221.69921875,23224.599609375,23217.650390625,23222.599609375
2026-09-24 10:43:00,23222.94921875,23224.900390625,23211.5,23212.94921875
2026-09-24 10:44:00,23211.69921875,23219.349609375,23211.0,23218.5
2026-09-24 10:45:00,23218.650390625,23223.599609375,23215.80078125,23220.900390625
2026-09-24 10:46:00,23220.75,23224.94921875,23219.94921875,23222.30078125
2026-09-24 10:47:00,23222.19921875,23228.400390625,23221.099609375,23226.849609375
2026-09-24 10:48:00,23226.94921875,23227.650390625,23220.5,23223.099609375
2026-09-24 10:49:00,23223.400390625,23229.25,23221.69921875,23228.55078125
2026-09-24 10:50:00,23229.650390625,23232.44921875,23226.5,23231.900390625
2026-09-24 10:51:00,23231.900390625,23235.400390625,23229.05078125,23230.650390625
2026-09-24 10:52:00,23230.80078125,23236.25,23229.75,23235.099609375
2026-09-24 10:53:00,23235.5,23239.30078125,23233.44921875,23236.400390625
2026-09-24 10:54:00,23236.55078125,23238.94921875,23233.900390625,23237.05078125
2026-09-24 10:55:00,23237.55078125,23242.30078125,23235.55078125,23240.650390625
2026-09-24 10:56:00,23241.150390625,23242.75,23235.05078125,23236.25
2026-09-24 10:57:00,23236.25,23239.05078125,23233.900390625,23236.44921875
2026-09-24 10:58:00,23237.05078125,23239.30078125,23234.599609375,23237.099609375
2026-09-24 10:59:00,23237.099609375,23241.75,23234.94921875,23240.19921875
2026-09-24 11:00:00,23241.05078125,23241.80078125,23232.400390625,23232.94921875
2026-09-24 11:01:00,23233.05078125,23240.0,23232.099609375,23235.80078125
2026-09-24 11:02:00,23235.849609375,23239.5,23234.849609375,23238.44921875
2026-09-24 11:03:00,23238.0,23238.0,23231.099609375,23231.25
2026-09-24 11:04:00,23231.400390625,23233.44921875,23229.30078125,23233.099609375
2026-09-24 11:05:00,23233.19921875,23234.599609375,23227.05078125,23227.599609375
2026-09-24 11:06:00,23227.69921875,23227.80078125,23219.80078125,23226.55078125
2026-09-24 11:07:00,23226.650390625,23237.650390625,23225.80078125,23236.75
2026-09-24 11:08:00,23236.599609375,23237.25,23229.25,23231.650390625
2026-09-24 11:09:00,23231.849609375,23231.900390625,23219.55078125,23220.55078125
2026-09-24 11:10:00,23221.0,23223.25,23218.5,23222.25
2026-09-24 11:11:00,23222.849609375,23229.55078125,23221.650390625,23225.0
2026-09-24 11:12:00,23224.900390625,23227.44921875,23223.05078125,23224.44921875
2026-09-24 11:13:00,23224.650390625,23225.900390625,23211.849609375,23213.650390625
2026-09-24 11:14:00,23213.80078125,23221.400390625,23213.30078125,23216.55078125
2026-09-24 11:15:00,23216.25,23227.5,23214.349609375,23226.55078125
2026-09-24 11:16:00,23226.900390625,23227.099609375,23222.0,23225.75
2026-09-24 11:17:00,23226.25,23233.099609375,23224.400390625,23232.25
2026-09-24 11:18:00,23232.69921875,23239.19921875,23230.80078125,23237.400390625
2026-09-24 11:19:00,23237.0,23243.55078125,23234.849609375,23243.150390625
2026-09-24 11:20:00,23243.349609375,23244.69921875,23231.44921875,23233.349609375
2026-09-24 11:21:00,23233.349609375,23233.349609375,23225.150390625,23231.44921875
2026-09-24 11:22:00,23231.30078125,23232.150390625,23225.19921875,23229.44921875
2026-09-24 11:23:00,23229.30078125,23229.900390625,23225.30078125,23226.80078125
2026-09-24 11:24:00,23227.150390625,23227.150390625,23216.19921875,23216.94921875
2026-09-24 11:25:00,23216.900390625,23217.650390625,23211.900390625,23215.650390625
2026-09-24 11:26:00,23215.849609375,23220.44921875,23214.44921875,23219.599609375
2026-09-24 11:27:00,23219.650390625,23224.900390625,23218.599609375,23224.44921875
2026-09-24 11:28:00,23224.400390625,23227.30078125,23220.599609375,23222.150390625
2026-09-24 11:29:00,23222.25,23225.30078125,23221.599609375,23223.05078125
2026-09-24 11:30:00,23223.349609375,23224.650390625,23217.30078125,23218.349609375
2026-09-24 11:31:00,23218.44921875,23218.44921875,23211.19921875,23211.5
2026-09-24 11:32:00,23211.80078125,23213.25,23203.650390625,23204.44921875
2026-09-24 11:33:00,23204.69921875,23213.80078125,23202.099609375,23212.80078125
2026-09-24 11:34:00,23212.75,23216.75,23206.30078125,23207.5
2026-09-24 11:35:00,23207.5,23210.69921875,23205.80078125,23210.0
2026-09-24 11:36:00,23210.400390625,23215.55078125,23208.94921875,23213.75
2026-09-24 11:37:00,23213.849609375,23213.849609375,23206.650390625,23209.150390625
2026-09-24 11:38:00,23208.25,23212.94921875,23206.55078125,23207.69921875
2026-09-24 11:39:00,23207.900390625,23210.94921875,23203.650390625,23210.94921875
2026-09-24 11:40:00,23211.75,23212.150390625,23207.099609375,23210.150390625
2026-09-24 11:41:00,23210.0,23213.44921875,23207.44921875,23207.650390625
2026-09-24 11:42:00,23207.69921875,23209.849609375,23204.69921875,23207.44921875
2026-09-24 11:43:00,23208.0,23212.25,23205.599609375,23210.75
2026-09-24 11:44:00,23211.05078125,23213.30078125,23208.099609375,23210.25
2026-09-24 11:45:00,23210.900390625,23213.0,23208.94921875,23211.05078125
2026-09-24 11:46:00,23211.05078125,23215.150390625,23210.0,23212.44921875
2026-09-24 11:47:00,23212.44921875,23213.150390625,23208.5,23209.849609375
2026-09-24 11:48:00,23210.150390625,23212.099609375,23206.80078125,23209.650390625
2026-09-24 11:49:00,23210.05078125,23211.19921875,23205.849609375,23206.55078125
2026-09-24 11:50:00,23206.349609375,23210.5,23205.44921875,23208.44921875
2026-09-24 11:51:00,23208.5,23208.5,23200.55078125,23202.349609375
2026-09-24 11:52:00,23203.099609375,23205.400390625,23199.650390625,23201.05078125
2026-09-24 11:53:00,23201.0,23205.0,23198.0,23200.900390625
2026-09-24 11:54:00,23200.900390625,23204.5,23198.55078125,23204.5
2026-09-24 11:55:00,23204.150390625,23205.0,23198.349609375,23198.44921875
2026-09-24 11:56:00,23198.75,23199.400390625,23193.30078125,23193.349609375
2026-09-24 11:57:00,23193.44921875,23194.849609375,23190.5,23190.849609375
2026-09-24 11:58:00,23190.849609375,23195.44921875,23190.400390625,23192.69921875
2026-09-24 11:59:00,23192.5,23198.5,23191.69921875,23197.349609375
2026-09-24 12:00:00,23197.400390625,23197.400390625,23193.599609375,23196.25
2026-09-24 12:01:00,23196.150390625,23205.650390625,23193.69921875,23204.80078125
2026-09-24 12:02:00,23204.650390625,23209.349609375,23203.55078125,23207.44921875
2026-09-24 12:03:00,23207.150390625,23209.44921875,23203.94921875,23204.849609375
2026-09-24 12:04:00,23204.75,23208.349609375,23203.25,23208.05078125
2026-09-24 12:05:00,23207.849609375,23211.30078125,23206.099609375,23209.69921875
2026-09-24 12:06:00,23209.849609375,23212.94921875,23209.0,23210.44921875
2026-09-24 12:07:00,23210.5,23211.849609375,23207.849609375,23209.19921875
2026-09-24 12:08:00,23209.650390625,23209.80078125,23203.75,23205.55078125
2026-09-24 12:09:00,23205.69921875,23210.25,23203.849609375,23205.849609375
2026-09-24 12:10:00,23206.099609375,23209.25,23204.44921875,23207.849609375
2026-09-24 12:11:00,23207.650390625,23208.650390625,23205.349609375,23207.55078125
2026-09-24 12:12:00,23207.400390625,23210.349609375,23201.849609375,23202.30078125
2026-09-24 12:13:00,23202.400390625,23204.05078125,23200.599609375,23201.5
2026-09-24 12:14:00,23201.599609375,23201.599609375,23194.69921875,23195.69921875
2026-09-24 12:15:00,23195.599609375,23202.44921875,23195.099609375,23200.19921875
2026-09-24 12:16:00,23200.150390625,23201.599609375,23196.44921875,23197.650390625
2026-09-24 12:17:00,23197.599609375,23199.30078125,23196.30078125,23198.400390625
2026-09-24 12:18:00,23198.44921875,23199.5,23196.55078125,23199.30078125
2026-09-24 12:19:00,23199.44921875,23199.650390625,23196.05078125,23198.25
2026-09-24 12:20:00,23198.599609375,23203.599609375,23198.150390625,23200.25
2026-09-24 12:21:00,23200.30078125,23200.30078125,23196.5,23197.94921875
2026-09-24 12:22:00,23198.099609375,23198.650390625,23195.19921875,23196.099609375
2026-09-24 12:23:00,23196.0,23196.0,23187.900390625,23191.900390625
2026-09-24 12:24:00,23191.900390625,23196.25,23191.099609375,23195.400390625
2026-09-24 12:25:00,23195.44921875,23195.849609375,23178.150390625,23179.0
2026-09-24 12:26:00,23178.5,23184.349609375,23174.80078125,23184.05078125
2026-09-24 12:27:00,23183.69921875,23184.650390625,23180.44921875,23182.75
2026-09-24 12:28:00,23182.94921875,23192.44921875,23182.5,23191.5
2026-09-24 12:29:00,23191.25,23195.099609375,23186.05078125,23187.849609375
2026-09-24 12:30:00,23187.94921875,23191.0,23187.0,23189.05078125
2026-09-24 12:31:00,23189.05078125,23192.19921875,23186.94921875,23187.80078125
2026-09-24 12:32:00,23187.69921875,23187.69921875,23173.099609375,23178.25
2026-09-24 12:33:00,23178.44921875,23182.5,23174.30078125,23177.150390625
2026-09-24 12:34:00,23177.0,23178.5,23173.80078125,23175.44921875
2026-09-24 12:35:00,23175.55078125,23176.94921875,23167.05078125,23173.150390625
2026-09-24 12:36:00,23173.19921875,23179.5,23168.599609375,23177.599609375
2026-09-24 12:37:00,23177.44921875,23180.099609375,23175.55078125,23178.80078125
2026-09-24 12:38:00,23178.599609375,23186.099609375,23177.25,23183.30078125
2026-09-24 12:39:00,23182.94921875,23183.19921875,23174.150390625,23177.0
2026-09-24 12:40:00,23176.94921875,23179.44921875,23174.599609375,23178.400390625
2026-09-24 12:41:00,23178.849609375,23183.94921875,23177.900390625,23180.0
2026-09-24 12:42:00,23179.900390625,23180.900390625,23177.900390625,23179.0
2026-09-24 12:43:00,23179.0,23179.0,23174.44921875,23174.900390625
2026-09-24 12:44:00,23175.349609375,23177.25,23171.099609375,23172.650390625
2026-09-24 12:45:00,23172.599609375,23173.150390625,23167.94921875,23170.650390625
2026-09-24 12:46:00,23170.599609375,23176.19921875,23169.80078125,23172.5
2026-09-24 12:47:00,23172.349609375,23173.30078125,23167.150390625,23169.599609375
2026-09-24 12:48:00,23169.650390625,23171.30078125,23167.75,23168.80078125
2026-09-24 12:49:00,23169.0,23171.400390625,23167.30078125,23169.849609375
2026-09-24 12:50:00,23170.099609375,23179.75,23169.349609375,23177.75
2026-09-24 12:51:00,23177.55078125,23179.349609375,23172.150390625,23173.599609375
2026-09-24 12:52:00,23173.349609375,23175.19921875,23171.349609375,23173.0
2026-09-24 12:53:00,23172.849609375,23173.900390625,23170.349609375,23171.55078125
2026-09-24 12:54:00,23171.5,23171.75,23165.05078125,23165.75
2026-09-24 12:55:00,23165.94921875,23169.150390625,23164.849609375,23167.05078125
2026-09-24 12:56:00,23167.5,23172.5,23167.05078125,23171.05078125
2026-09-24 12:57:00,23170.900390625,23170.94921875,23167.80078125,23169.44921875
2026-09-24 12:58:00,23169.599609375,23171.0,23168.650390625,23169.599609375
2026-09-24 12:59:00,23169.5,23170.25,23165.900390625,23168.650390625
2026-09-24 13:00:00,23168.5,23169.69921875,23165.400390625,23167.599609375
2026-09-24 13:01:00,23167.75,23174.55078125,23167.150390625,23173.80078125
2026-09-24 13:02:00,23174.099609375,23177.5,23171.900390625,23177.25
2026-09-24 13:03:00,23177.349609375,23180.5,23176.650390625,23179.94921875
2026-09-24 13:04:00,23180.05078125,23182.69921875,23177.05078125,23181.19921875
2026-09-24 13:05:00,23181.650390625,23185.099609375,23180.69921875,23184.599609375
2026-09-24 13:06:00,23184.599609375,23184.599609375,23176.44921875,23178.69921875
2026-09-24 13:07:00,23179.05078125,23185.900390625,23177.44921875,23185.0
2026-09-24 13:08:00,23185.30078125,23189.900390625,23184.849609375,23186.150390625
2026-09-24 13:09:00,23186.0,23186.05078125,23178.94921875,23179.94921875
2026-09-24 13:10:00,23179.599609375,23180.349609375,23174.44921875,23178.0
2026-09-24 13:11:00,23177.599609375,23179.400390625,23174.349609375,23174.349609375
2026-09-24 13:12:00,23174.5,23178.650390625,23172.55078125,23176.400390625
2026-09-24 13:13:00,23177.099609375,23182.25,23175.349609375,23181.44921875
2026-09-24 13:14:00,23181.44921875,23185.5,23179.900390625,23182.80078125
2026-09-24 13:15:00,23183.099609375,23186.650390625,23179.44921875,23185.5
2026-09-24 13:16:00,23185.5,23185.80078125,23181.650390625,23183.099609375
2026-09-24 13:17:00,23183.30078125,23184.099609375,23180.0,23181.849609375
2026-09-24 13:18:00,23181.599609375,23184.099609375,23179.150390625,23180.0
2026-09-24 13:19:00,23179.900390625,23181.30078125,23178.55078125,23179.55078125
2026-09-24 13:20:00,23179.44921875,23179.94921875,23175.69921875,23178.19921875
2026-09-24 13:21:00,23178.05078125,23179.150390625,23175.80078125,23177.19921875
2026-09-24 13:22:00,23177.099609375,23178.650390625,23174.599609375,23177.69921875
2026-09-24 13:23:00,23178.05078125,23178.05078125,23174.94921875,23175.75
2026-09-24 13:24:00,23175.599609375,23177.849609375,23174.150390625,23176.75
2026-09-24 13:25:00,23176.5,23178.650390625,23168.099609375,23168.25
2026-09-24 13:26:00,23168.599609375,23168.900390625,23141.150390625,23141.150390625
2026-09-24 13:27:00,23140.75,23151.400390625,23135.25,23142.0
2026-09-24 13:28:00,23142.349609375,23143.75,23135.55078125,23138.30078125
2026-09-24 13:29:00,23138.44921875,23149.19921875,23136.25,23147.19921875
2026-09-24 13:30:00,23147.150390625,23152.30078125,23145.900390625,23151.400390625
2026-09-24 13:31:00,23151.44921875,23163.75,23149.80078125,23162.400390625
2026-09-24 13:32:00,23162.0,23162.30078125,23155.150390625,23158.5
2026-09-24 13:33:00,23158.69921875,23159.900390625,23153.94921875,23158.349609375
2026-09-24 13:34:00,23158.150390625,23159.05078125,23151.05078125,23153.099609375
2026-09-24 13:35:00,23153.19921875,23155.55078125,23151.25,23152.44921875
2026-09-24 13:36:00,23152.599609375,23155.400390625,23149.5,23150.349609375
2026-09-24 13:37:00,23150.69921875,23153.55078125,23148.150390625,23149.80078125
2026-09-24 13:38:00,23149.75,23150.55078125,23143.900390625,23145.05078125
2026-09-24 13:39:00,23145.05078125,23147.05078125,23137.75,23139.80078125
2026-09-24 13:40:00,23140.44921875,23141.849609375,23133.55078125,23135.900390625
2026-09-24 13:41:00,23135.80078125,23140.400390625,23134.75,23136.05078125
2026-09-24 13:42:00,23136.05078125,23138.599609375,23132.150390625,23133.400390625
2026-09-24 13:43:00,23133.349609375,23135.599609375,23121.5,23121.5
2026-09-24 13:44:00,23122.05078125,23122.150390625,23104.900390625,23106.349609375
2026-09-24 13:45:00,23107.19921875,23115.94921875,23094.44921875,23094.44921875
2026-09-24 13:46:00,23094.44921875,23094.94921875,23077.80078125,23084.80078125
2026-09-24 13:47:00,23085.69921875,23093.849609375,23082.099609375,23089.349609375
2026-09-24 13:48:00,23089.349609375,23092.400390625,23085.69921875,23087.349609375
2026-09-24 13:49:00,23088.099609375,23104.349609375,23086.75,23100.69921875
2026-09-24 13:50:00,23100.55078125,23106.05078125,23097.25,23100.25
2026-09-24 13:51:00,23100.19921875,23100.400390625,23085.94921875,23087.80078125
2026-09-24 13:52:00,23087.55078125,23088.650390625,23081.55078125,23085.19921875
2026-09-24 13:53:00,23085.25,23087.650390625,23081.05078125,23081.25
2026-09-24 13:54:00,23081.69921875,23083.19921875,23066.80078125,23071.650390625
2026-09-24 13:55:00,23071.94921875,23079.94921875,23069.75,23077.349609375
2026-09-24 13:56:00,23077.349609375,23078.5,23071.349609375,23073.349609375
2026-09-24 13:57:00,23073.150390625,23075.099609375,23056.69921875,23057.75
2026-09-24 13:58:00,23057.650390625,23062.099609375,23048.400390625,23050.099609375
2026-09-24 13:59:00,23050.55078125,23064.30078125,23048.849609375,23057.5
2026-09-24 14:00:00,23057.75,23073.05078125,23056.44921875,23072.55078125
2026-09-24 14:01:00,23072.25,23079.849609375,23072.19921875,23078.55078125
2026-09-24 14:02:00,23079.30078125,23093.099609375,23078.900390625,23089.69921875
2026-09-24 14:03:00,23089.5,23096.650390625,23084.150390625,23085.80078125
2026-09-24 14:04:00,23085.900390625,23089.80078125,23057.25,23060.25
2026-09-24 14:05:00,23060.44921875,23071.5,23060.19921875,23067.900390625
2026-09-24 14:06:00,23067.80078125,23068.900390625,23061.30078125,23063.5
2026-09-24 14:07:00,23063.400390625,23071.150390625,23061.599609375,23063.55078125
2026-09-24 14:08:00,23063.599609375,23076.900390625,23063.05078125,23075.94921875
2026-09-24 14:09:00,23076.0,23076.150390625,23067.69921875,23072.94921875
2026-09-24 14:10:00,23073.55078125,23077.44921875,23071.94921875,23073.69921875
2026-09-24 14:11:00,23073.75,23076.25,23069.55078125,23070.650390625
2026-09-24 14:12:00,23070.75,23074.05078125,23069.849609375,23071.900390625
2026-09-24 14:13:00,23071.94921875,23075.900390625,23071.349609375,23073.150390625
2026-09-24 14:14:00,23074.0,23079.599609375,23073.349609375,23077.75
2026-09-24 14:15:00,23077.900390625,23084.150390625,23074.099609375,23075.94921875
2026-09-24 14:16:00,23076.099609375,23078.80078125,23074.099609375,23076.150390625
2026-09-24 14:17:00,23076.19921875,23078.69921875,23073.900390625,23076.5
2026-09-24 14:18:00,23076.400390625,23079.650390625,23072.94921875,23074.0
2026-09-24 14:19:00,23074.30078125,23075.099609375,23061.80078125,23065.30078125
2026-09-24 14:20:00,23065.44921875,23075.30078125,23064.599609375,23069.25
2026-09-24 14:21:00,23069.25,23069.25,23058.650390625,23067.94921875
2026-09-24 14:22:00,23068.44921875,23070.44921875,23061.0,23062.19921875
2026-09-24 14:23:00,23062.650390625,23063.94921875,23046.69921875,23047.849609375
2026-09-24 14:24:00,23048.05078125,23056.69921875,23046.19921875,23054.94921875
2026-09-24 14:25:00,23055.150390625,23067.25,23054.69921875,23064.849609375
2026-09-24 14:26:00,23065.400390625,23066.80078125,23052.25,23057.0
2026-09-24 14:27:00,23057.44921875,23064.30078125,23053.44921875,23062.94921875
2026-09-24 14:28:00,23063.25,23069.5,23062.19921875,23063.650390625
2026-09-24 14:29:00,23063.349609375,23067.5,23060.55078125,23062.150390625
2026-09-24 14:30:00,23062.25,23063.80078125,23058.25,23061.94921875
2026-09-24 14:31:00,23062.099609375,23072.30078125,23058.400390625,23069.30078125
2026-09-24 14:32:00,23069.94921875,23077.30078125,23068.94921875,23070.05078125
2026-09-24 14:33:00,23070.19921875,23073.94921875,23065.69921875,23069.5
2026-09-24 14:34:00,23069.650390625,23076.44921875,23067.75,23075.30078125
2026-09-24 14:35:00,23075.5,23083.55078125,23074.94921875,23082.400390625
2026-09-24 14:36:00,23083.0,23094.25,23081.349609375,23092.05078125
2026-09-24 14:37:00,23093.099609375,23095.19921875,23089.80078125,23092.69921875
2026-09-24 14:38:00,23092.599609375,23104.900390625,23092.25,23101.0
2026-09-24 14:39:00,23101.099609375,23104.349609375,23096.94921875,23102.900390625
2026-09-24 14:40:00,23103.099609375,23108.5,23099.650390625,23100.05078125
2026-09-24 14:41:00,23100.94921875,23104.849609375,23095.80078125,23102.25
2026-09-24 14:42:00,23102.30078125,23102.599609375,23084.599609375,23090.349609375
2026-09-24 14:43:00,23090.55078125,23099.30078125,23090.25,23094.25
2026-09-24 14:44:00,23094.25,23095.44921875,23088.69921875,23092.19921875
2026-09-24 14:45:00,23092.150390625,23099.849609375,23088.150390625,23099.099609375
2026-09-24 14:46:00,23099.19921875,23105.25,23098.099609375,23101.0
2026-09-24 14:47:00,23101.80078125,23101.94921875,23094.69921875,23097.30078125
2026-09-24 14:48:00,23096.94921875,23101.400390625,23094.44921875,23098.05078125
2026-09-24 14:49:00,23098.400390625,23099.44921875,23093.05078125,23097.30078125
2026-09-24 14:50:00,23097.44921875,23106.0,23096.5,23103.599609375
2026-09-24 14:51:00,23104.0,23108.30078125,23099.150390625,23106.150390625
2026-09-24 14:52:00,23106.150390625,23111.55078125,23105.55078125,23108.30078125
2026-09-24 14:53:00,23108.349609375,23113.349609375,23107.55078125,23112.55078125
2026-09-24 14:54:00,23112.44921875,23116.900390625,23106.44921875,23111.0
2026-09-24 14:55:00,23110.900390625,23119.099609375,23109.30078125,23114.599609375
2026-09-24 14:56:00,23114.650390625,23116.849609375,23111.94921875,23112.80078125
2026-09-24 14:57:00,23112.69921875,23112.69921875,23104.0,23108.099609375
2026-09-24 14:58:00,23108.599609375,23108.75,23100.650390625,23107.80078125
2026-09-24 14:59:00,23108.099609375,23108.75,23095.099609375,23098.05078125
2026-09-24 15:00:00,23097.94921875,23103.30078125,23097.599609375,23099.099609375
2026-09-24 15:01:00,23098.55078125,23101.19921875,23090.5,23098.80078125
2026-09-24 15:02:00,23098.75,23107.30078125,23097.25,23107.099609375
2026-09-24 15:03:00,23106.75,23106.94921875,23097.650390625,23099.30078125
2026-09-24 15:04:00,23099.5,23105.55078125,23097.650390625,23101.900390625
2026-09-24 15:05:00,23101.849609375,23103.19921875,23096.05078125,23101.5
2026-09-24 15:06:00,23101.44921875,23101.44921875,23091.69921875,23097.75
2026-09-24 15:07:00,23097.55078125,23097.75,23089.900390625,23090.849609375
2026-09-24 15:08:00,23090.55078125,23092.150390625,23082.69921875,23085.099609375
2026-09-24 15:09:00,23084.80078125,23090.80078125,23082.25,23089.94921875
2026-09-24 15:10:00,23089.94921875,23091.400390625,23086.349609375,23087.849609375
2026-09-24 15:11:00,23087.849609375,23089.30078125,23083.599609375,23085.94921875
2026-09-24 15:12:00,23086.150390625,23090.05078125,23070.25,23080.75
2026-09-24 15:13:00,23081.30078125,23086.849609375,23072.75,23078.69921875
2026-09-24 15:14:00,23076.94921875,23086.05078125,23073.69921875,23083.44921875
2026-09-24 15:15:00,23085.599609375,23085.599609375,23085.599609375,23085.599609375
2026-09-24 15:16:00,23085.599609375,23085.599609375,23085.599609375,23085.599609375
2026-09-24 15:17:00,23085.599609375,23085.599609375,23085.599609375,23085.599609375
2026-09-24 15:18:00,23085.599609375,23085.599609375,23085.599609375,23085.599609375
2026-09-24 15:19:00,23085.599609375,23085.599609375,23085.599609375,23085.599609375
2026-09-24 15:20:00,23085.599609375,23085.599609375,23085.599609375,23085.599609375
2026-09-24 15:21:00,23085.599609375,23085.599609375,23085.599609375,23085.599609375
2026-09-24 15:22:00,23085.599609375,23085.599609375,23085.599609375,23085.599609375
2026-09-24 15:23:00,23085.599609375,23085.599609375,23085.599609375,23085.599609375
2026-09-24 15:24:00,23085.599609375,23085.599609375,23085.599609375,23085.599609375
2026-09-24 15:25:00,23085.599609375,23085.599609375,23085.599609375,23085.599609375
2026-09-24 15:26:00,23085.599609375,23085.599609375,23085.599609375,23085.599609375
2026-09-24 15:27:00,23085.599609375,23085.599609375,23085.599609375,23085.599609375
2026-09-24 15:28:00,23085.599609375,23085.599609375,23063.099609375,23063.099609375
2026-09-24 15:29:00,23063.099609375,23063.099609375,23063.099609375,23063.099609375
2026-09-25 09:15:00,23035.0,23096.80078125,23032.94921875,23088.900390625
2026-09-25 09:16:00,23088.80078125,23104.099609375,23085.94921875,23087.400390625
2026-09-25 09:17:00,23086.55078125,23099.30078125,23086.55078125,23098.30078125
2026-09-25 09:18:00,23098.30078125,23102.80078125,23087.5,23089.55078125
2026-09-25 09:19:00,23089.400390625,23092.19921875,23073.900390625,23074.30078125
2026-09-25 09:20:00,23074.0,23078.900390625,23065.5,23077.25
2026-09-25 09:21:00,23077.25,23086.05078125,23068.099609375,23079.400390625
2026-09-25 09:22:00,23082.19921875,23093.349609375,23079.30078125,23091.75
2026-09-25 09:23:00,23091.650390625,23095.25,23081.5,23081.94921875
2026-09-25 09:24:00,23082.05078125,23086.900390625,23076.650390625,23083.099609375
2026-09-25 09:25:00,23083.349609375,23084.05078125,23077.150390625,23078.19921875
2026-09-25 09:26:00,23078.75,23084.900390625,23077.599609375,23083.650390625
2026-09-25 09:27:00,23084.05078125,23098.849609375,23083.849609375,23097.75
2026-09-25 09:28:00,23097.75,23102.94921875,23095.099609375,23102.44921875
2026-09-25 09:29:00,23102.25,23116.650390625,23101.849609375,23116.650390625
2026-09-25 09:30:00,23116.5,23118.05078125,23105.55078125,23116.80078125
2026-09-25 09:31:00,23117.0,23121.400390625,23107.099609375,23108.69921875
2026-09-25 09:32:00,23110.0,23118.30078125,23108.599609375,23113.849609375
2026-09-25 09:33:00,23113.650390625,23114.30078125,23104.44921875,23107.5
2026-09-25 09:34:00,23107.44921875,23114.650390625,23107.400390625,23111.44921875
2026-09-25 09:35:00,23111.55078125,23112.75,23103.650390625,23103.650390625
2026-09-25 09:36:00,23103.94921875,23104.849609375,23090.650390625,23091.25
2026-09-25 09:37:00,23091.44921875,23094.25,23077.44921875,23077.80078125
2026-09-25 09:38:00,23077.19921875,23086.400390625,23075.44921875,23081.44921875
2026-09-25 09:39:00,23081.5,23085.94921875,23076.80078125,23077.75
2026-09-25 09:40:00,23077.55078125,23079.400390625,23066.75,23069.25
2026-09-25 09:41:00,23069.19921875,23070.75,23063.5,23069.19921875
2026-09-25 09:42:00,23069.349609375,23070.55078125,23059.5,23062.05078125
2026-09-25 09:43:00,23061.75,23062.650390625,23044.05078125,23048.80078125
2026-09-25 09:44:00,23048.599609375,23058.94921875,23048.30078125,23052.599609375
2026-09-25 09:45:00,23052.599609375,23063.75,23052.599609375,23054.099609375
2026-09-25 09:46:00,23053.599609375,23056.650390625,23051.19921875,23051.94921875
2026-09-25 09:47:00,23051.80078125,23061.849609375,23050.650390625,23061.55078125
2026-09-25 09:48:00,23061.44921875,23062.69921875,23053.5,23055.099609375
2026-09-25 09:49:00,23054.900390625,23057.30078125,23050.19921875,23051.80078125
2026-09-25 09:50:00,23051.650390625,23059.94921875,23050.650390625,23053.599609375
2026-09-25 09:51:00,23053.599609375,23054.19921875,23046.05078125,23052.75
2026-09-25 09:52:00,23052.55078125,23055.599609375,23038.30078125,23039.5
2026-09-25 09:53:00,23039.849609375,23041.30078125,23036.05078125,23039.94921875
2026-09-25 09:54:00,23040.05078125,23048.650390625,23038.400390625,23046.69921875
2026-09-25 09:55:00,23046.650390625,23050.5,23044.349609375,23048.19921875
2026-09-25 09:56:00,23047.75,23058.25,23046.44921875,23056.55078125
2026-09-25 09:57:00,23056.849609375,23060.849609375,23052.30078125,23058.900390625
2026-09-25 09:58:00,23059.099609375,23059.099609375,23050.0,23055.400390625
2026-09-25 09:59:00,23055.5,23060.650390625,23053.55078125,23059.0
2026-09-25 10:00:00,23059.0,23061.25,23055.25,23056.849609375
2026-09-25 10:01:00,23056.94921875,23060.0,23053.80078125,23056.75
2026-09-25 10:02:00,23056.69921875,23065.5,23056.69921875,23063.599609375
2026-09-25 10:03:00,23064.55078125,23075.650390625,23064.5,23067.30078125
2026-09-25 10:04:00,23067.099609375,23083.0,23066.400390625,23080.75
2026-09-25 10:05:00,23080.650390625,23084.099609375,23075.05078125,23075.400390625
2026-09-25 10:06:00,23075.30078125,23082.25,23075.05078125,23080.150390625
2026-09-25 10:07:00,23080.099609375,23085.55078125,23078.69921875,23084.150390625
2026-09-25 10:08:00,23084.650390625,23097.650390625,23082.94921875,23094.900390625
2026-09-25 10:09:00,23094.94921875,23100.5,23090.900390625,23098.75
2026-09-25 10:10:00,23098.94921875,23103.650390625,23096.0,23096.650390625
2026-09-25 10:11:00,23095.900390625,23099.0,23093.30078125,23095.150390625
2026-09-25 10:12:00,23095.150390625,23104.44921875,23093.599609375,23103.44921875
2026-09-25 10:13:00,23103.94921875,23108.5,23100.94921875,23101.099609375
2026-09-25 10:14:00,23101.05078125,23104.650390625,23100.0,23100.599609375
2026-09-25 10:15:00,23100.849609375,23104.099609375,23099.150390625,23100.900390625
2026-09-25 10:16:00,23100.80078125,23106.900390625,23100.5,23102.5
2026-09-25 10:17:00,23102.80078125,23106.0,23101.650390625,23102.599609375
2026-09-25 10:18:00,23102.900390625,23103.75,23093.30078125,23095.900390625
2026-09-25 10:19:00,23096.44921875,23098.94921875,23093.5,23097.80078125
2026-09-25 10:20:00,23097.80078125,23099.69921875,23095.150390625,23097.94921875
2026-09-25 10:21:00,23097.80078125,23106.25,23097.55078125,23105.5
2026-09-25 10:22:00,23104.849609375,23105.5,23097.05078125,23097.19921875
2026-09-25 10:23:00,23097.25,23098.5,23093.69921875,23096.5
2026-09-25 10:24:00,23096.55078125,23098.5,23088.5,23089.150390625
2026-09-25 10:25:00,23088.69921875,23096.80078125,23086.30078125,23096.80078125
2026-09-25 10:26:00,23096.94921875,23098.25,23088.849609375,23090.69921875
2026-09-25 10:27:00,23092.349609375,23092.900390625,23087.69921875,23088.5
2026-09-25 10:28:00,23088.5,23089.19921875,23078.099609375,23083.0
2026-09-25 10:29:00,23082.900390625,23085.44921875,23078.80078125,23085.400390625
2026-09-25 10:30:00,23085.150390625,23088.849609375,23083.30078125,23085.900390625
2026-09-25 10:31:00,23085.849609375,23090.25,23082.75,23083.75
2026-09-25 10:32:00,23083.599609375,23084.05078125,23074.0,23077.19921875
2026-09-25 10:33:00,23077.25,23079.0,23071.25,23071.650390625
2026-09-25 10:34:00,23071.849609375,23074.900390625,23063.0,23063.94921875
2026-09-25 10:35:00,23063.75,23065.5,23061.0,23061.80078125
2026-09-25 10:36:00,23062.099609375,23066.19921875,23059.44921875,23064.400390625
2026-09-25 10:37:00,23064.349609375,23070.25,23063.55078125,23069.900390625
2026-09-25 10:38:00,23070.30078125,23071.849609375,23067.05078125,23069.75
2026-09-25 10:39:00,23069.25,23076.0,23069.25,23070.349609375
2026-09-25 10:40:00,23070.400390625,23072.25,23068.849609375,23069.30078125
2026-09-25 10:41:00,23068.849609375,23072.099609375,23062.150390625,23065.55078125
2026-09-25 10:42:00,23065.5,23074.55078125,23065.5,23070.849609375
2026-09-25 10:43:00,23070.650390625,23071.5,23066.05078125,23067.94921875
2026-09-25 10:44:00,23068.150390625,23070.80078125,23065.099609375,23065.69921875
2026-09-25 10:45:00,23065.69921875,23067.099609375,23059.849609375,23060.150390625
2026-09-25 10:46:00,23060.349609375,23061.849609375,23055.900390625,23057.69921875
2026-09-25 10:47:00,23057.55078125,23059.25,23052.80078125,23053.5
2026-09-25 10:48:00,23053.55078125,23053.55078125,23047.5,23049.900390625
2026-09-25 10:49:00,23049.900390625,23052.55078125,23047.94921875,23051.400390625
2026-09-25 10:50:00,23051.55078125,23056.30078125,23048.69921875,23053.69921875
2026-09-25 10:51:00,23053.5,23058.44921875,23052.05078125,23058.099609375
2026-09-25 10:52:00,23058.150390625,23063.25,23056.94921875,23060.75
2026-09-25 10:53:00,23060.900390625,23061.150390625,23056.150390625,23057.19921875
2026-09-25 10:54:00,23057.05078125,23061.75,23055.849609375,23060.349609375
2026-09-25 10:55:00,23061.19921875,23066.55078125,23060.349609375,23065.349609375
2026-09-25 10:56:00,23065.19921875,23068.30078125,23062.94921875,23067.80078125
2026-09-25 10:57:00,23067.650390625,23068.150390625,23060.599609375,23061.44921875
2026-09-25 10:58:00,23061.650390625,23065.55078125,23060.80078125,23063.849609375
2026-09-25 10:59:00,23063.80078125,23066.05078125,23062.25,23063.849609375
2026-09-25 11:00:00,23063.80078125,23069.150390625,23060.69921875,23068.0
2026-09-25 11:01:00,23068.0,23071.75,23064.599609375,23065.44921875
2026-09-25 11:02:00,23065.44921875,23083.599609375,23065.44921875,23079.349609375
2026-09-25 11:03:00,23079.349609375,23083.55078125,23079.150390625,23079.400390625
2026-09-25 11:04:00,23079.55078125,23082.94921875,23077.0,23077.0
2026-09-25 11:05:00,23076.94921875,23085.5,23076.5,23084.55078125
2026-09-25 11:06:00,23084.55078125,23087.25,23083.099609375,23085.900390625
2026-09-25 11:07:00,23085.599609375,23091.19921875,23085.05078125,23089.05078125
2026-09-25 11:08:00,23089.099609375,23090.94921875,23085.25,23088.0
2026-09-25 11:09:00,23088.0,23091.349609375,23086.05078125,23087.80078125
2026-09-25 11:10:00,23087.69921875,23090.150390625,23086.900390625,23088.75
2026-09-25 11:11:00,23088.650390625,23091.900390625,23087.05078125,23091.650390625
2026-09-25 11:12:00,23091.849609375,23093.5,23088.400390625,23089.05078125
2026-09-25 11:13:00,23088.5,23089.849609375,23081.75,23085.150390625
2026-09-25 11:14:00,23084.900390625,23091.80078125,23082.5,23091.25
2026-09-25 11:15:00,23091.25,23093.400390625,23088.05078125,23092.099609375
2026-09-25 11:16:00,23092.0,23095.150390625,23090.30078125,23092.94921875
2026-09-25 11:17:00,23093.0,23098.25,23091.25,23097.55078125
2026-09-25 11:18:00,23097.30078125,23097.80078125,23093.69921875,23097.099609375
2026-09-25 11:19:00,23097.25,23098.05078125,23092.80078125,23095.44921875
2026-09-25 11:20:00,23095.19921875,23098.75,23093.19921875,23098.05078125
2026-09-25 11:21:00,23097.75,23104.94921875,23096.69921875,23101.150390625
2026-09-25 11:22:00,23101.05078125,23103.349609375,23098.25,23101.099609375
2026-09-25 11:23:00,23100.849609375,23102.900390625,23097.599609375,23100.25
2026-09-25 11:24:00,23100.150390625,23100.150390625,23085.599609375,23086.150390625
2026-09-25 11:25:00,23086.150390625,23087.0,23077.19921875,23079.30078125
2026-09-25 11:26:00,23079.25,23084.650390625,23076.349609375,23076.55078125
2026-09-25 11:27:00,23076.55078125,23079.599609375,23075.19921875,23079.19921875
2026-09-25 11:28:00,23079.150390625,23082.30078125,23077.94921875,23078.650390625
2026-09-25 11:29:00,23079.19921875,23082.75,23076.900390625,23077.099609375
2026-09-25 11:30:00,23077.099609375,23080.44921875,23075.44921875,23079.55078125
2026-09-25 11:31:00,23079.349609375,23091.150390625,23078.19921875,23087.69921875
2026-09-25 11:32:00,23087.69921875,23089.5,23084.69921875,23085.69921875
2026-09-25 11:33:00,23085.80078125,23089.849609375,23082.94921875,23083.44921875
2026-09-25 11:34:00,23083.44921875,23084.55078125,23078.19921875,23083.19921875
2026-09-25 11:35:00,23083.400390625,23086.44921875,23082.349609375,23084.19921875
2026-09-25 11:36:00,23083.05078125,23085.44921875,23077.69921875,23079.55078125
2026-09-25 11:37:00,23079.5,23081.150390625,23078.099609375,23079.75
2026-09-25 11:38:00,23079.650390625,23083.25,23078.69921875,23082.25
2026-09-25 11:39:00,23082.30078125,23086.599609375,23080.5,23084.55078125
2026-09-25 11:40:00,23084.599609375,23087.75,23083.099609375,23084.30078125
2026-09-25 11:41:00,23084.30078125,23085.69921875,23081.150390625,23081.349609375
2026-09-25 11:42:00,23082.0,23088.05078125,23080.75,23086.05078125
2026-09-25 11:43:00,23086.099609375,23088.400390625,23082.75,23083.849609375
2026-09-25 11:44:00,23083.849609375,23088.30078125,23083.099609375,23083.69921875
2026-09-25 11:45:00,23083.900390625,23085.30078125,23081.30078125,23084.400390625
2026-09-25 11:46:00,23084.25,23086.19921875,23081.30078125,23084.849609375
2026-09-25 11:47:00,23085.0,23088.55078125,23084.25,23087.44921875
2026-09-25 11:48:00,23087.55078125,23089.0,23084.150390625,23087.30078125
2026-09-25 11:49:00,23087.75,23088.69921875,23082.849609375,23083.400390625
2026-09-25 11:50:00,23083.55078125,23087.75,23082.849609375,23086.19921875
2026-09-25 11:51:00,23086.05078125,23088.30078125,23083.650390625,23086.349609375
2026-09-25 11:52:00,23086.599609375,23091.599609375,23086.0,23088.650390625
2026-09-25 11:53:00,23088.650390625,23089.94921875,23086.650390625,23086.75
2026-09-25 11:54:00,23086.75,23088.5,23083.69921875,23087.150390625
2026-09-25 11:55:00,23087.150390625,23089.05078125,23082.30078125,23084.25
2026-09-25 11:56:00,23084.349609375,23087.44921875,23083.05078125,23085.099609375
2026-09-25 11:57:00,23085.19921875,23086.55078125,23081.25,23084.19921875
2026-09-25 11:58:00,23082.80078125,23085.44921875,23078.69921875,23080.599609375
2026-09-25 11:59:00,23080.05078125,23085.44921875,23076.05078125,23076.25
2026-09-25 12:00:00,23077.0,23080.19921875,23076.05078125,23076.849609375
2026-09-25 12:01:00,23076.849609375,23080.44921875,23074.30078125,23075.44921875
2026-09-25 12:02:00,23075.44921875,23078.099609375,23073.75,23073.80078125
2026-09-25 12:03:00,23073.849609375,23074.55078125,23063.650390625,23064.150390625
2026-09-25 12:04:00,23063.349609375,23067.150390625,23059.5,23066.25
2026-09-25 12:05:00,23066.650390625,23070.650390625,23065.150390625,23067.19921875
2026-09-25 12:06:00,23067.150390625,23068.599609375,23064.19921875,23065.30078125
2026-09-25 12:07:00,23065.55078125,23068.849609375,23062.900390625,23062.900390625
2026-09-25 12:08:00,23062.849609375,23067.75,23061.94921875,23067.25
2026-09-25 12:09:00,23067.30078125,23074.80078125,23066.30078125,23074.55078125
2026-09-25 12:10:00,23074.69921875,23075.44921875,23069.099609375,23074.69921875
2026-09-25 12:11:00,23074.849609375,23083.80078125,23074.849609375,23080.94921875
2026-09-25 12:12:00,23081.05078125,23084.80078125,23079.55078125,23082.0
2026-09-25 12:13:00,23082.25,23083.599609375,23078.75,23080.150390625
2026-09-25 12:14:00,23080.5,23082.25,23077.900390625,23082.0
2026-09-25 12:15:00,23081.94921875,23083.75,23079.25,23080.599609375
2026-09-25 12:16:00,23080.55078125,23083.400390625,23079.44921875,23080.69921875
2026-09-25 12:17:00,23080.650390625,23082.19921875,23076.55078125,23077.5
2026-09-25 12:18:00,23077.400390625,23079.55078125,23076.30078125,23078.94921875
2026-09-25 12:19:00,23078.94921875,23082.30078125,23077.900390625,23079.0
2026-09-25 12:20:00,23079.0,23080.19921875,23075.849609375,23076.5
2026-09-25 12:21:00,23076.44921875,23077.75,23074.5,23074.599609375
2026-09-25 12:22:00,23074.69921875,23075.94921875,23069.69921875,23070.19921875
2026-09-25 12:23:00,23070.19921875,23074.69921875,23069.25,23074.05078125
2026-09-25 12:24:00,23074.150390625,23076.849609375,23072.650390625,23073.849609375
2026-09-25 12:25:00,23073.849609375,23076.849609375,23072.849609375,23074.650390625
2026-09-25 12:26:00,23074.650390625,23079.19921875,23074.150390625,23077.80078125
2026-09-25 12:27:00,23078.650390625,23081.900390625,23076.80078125,23078.30078125
2026-09-25 12:28:00,23078.400390625,23082.900390625,23076.25,23081.0
2026-09-25 12:29:00,23080.94921875,23084.25,23080.349609375,23082.44921875
2026-09-25 12:30:00,23082.44921875,23088.44921875,23081.55078125,23087.900390625
2026-09-25 12:31:00,23087.5,23089.849609375,23086.150390625,23087.849609375
2026-09-25 12:32:00,23087.94921875,23089.44921875,23084.650390625,23085.400390625
2026-09-25 12:33:00,23085.30078125,23087.150390625,23081.849609375,23082.650390625
2026-09-25 12:34:00,23082.599609375,23085.19921875,23081.30078125,23081.849609375
2026-09-25 12:35:00,23081.55078125,23083.94921875,23073.05078125,23074.94921875
2026-09-25 12:36:00,23074.94921875,23075.19921875,23063.099609375,23064.650390625
2026-09-25 12:37:00,23064.5,23071.30078125,23064.5,23068.75
2026-09-25 12:38:00,23068.650390625,23073.30078125,23065.900390625,23070.55078125
2026-09-25 12:39:00,23070.25,23075.30078125,23070.0,23073.75
2026-09-25 12:40:00,23073.44921875,23073.75,23068.099609375,23070.099609375
2026-09-25 12:41:00,23070.25,23070.25,23066.25,23067.849609375
2026-09-25 12:42:00,23067.599609375,23069.5,23062.44921875,23062.80078125
2026-09-25 12:43:00,23062.900390625,23064.849609375,23057.25,23058.19921875
2026-09-25 12:44:00,23058.099609375,23061.599609375,23056.650390625,23056.75
2026-09-25 12:45:00,23057.0,23058.44921875,23053.849609375,23054.94921875
2026-09-25 12:46:00,23054.849609375,23058.69921875,23052.94921875,23053.44921875
2026-09-25 12:47:00,23053.400390625,23055.150390625,23050.849609375,23053.69921875
2026-09-25 12:48:00,23053.900390625,23055.349609375,23049.44921875,23049.94921875
2026-09-25 12:49:00,23049.94921875,23053.400390625,23048.349609375,23048.75
2026-09-25 12:50:00,23048.75,23050.19921875,23043.75,23044.44921875
2026-09-25 12:51:00,23044.25,23048.44921875,23042.55078125,23045.849609375
2026-09-25 12:52:00,23045.94921875,23048.099609375,23044.05078125,23047.0
2026-09-25 12:53:00,23046.44921875,23047.75,23042.80078125,23045.30078125
2026-09-25 12:54:00,23045.19921875,23046.44921875,23041.30078125,23042.599609375
2026-09-25 12:55:00,23042.55078125,23044.849609375,23039.25,23041.19921875
2026-09-25 12:56:00,23041.099609375,23042.80078125,23028.75,23028.900390625
2026-09-25 12:57:00,23028.80078125,23031.69921875,23021.099609375,23030.349609375
2026-09-25 12:58:00,23030.349609375,23038.05078125,23030.05078125,23036.55078125
2026-09-25 12:59:00,23036.5,23041.44921875,23036.0,23040.69921875
2026-09-25 13:00:00,23040.69921875,23049.349609375,23040.19921875,23046.80078125
2026-09-25 13:01:00,23046.80078125,23051.900390625,23044.900390625,23050.650390625
2026-09-25 13:02:00,23050.650390625,23051.75,23043.75,23045.349609375
2026-09-25 13:03:00,23045.349609375,23048.849609375,23044.400390625,23046.400390625
2026-09-25 13:04:00,23046.5,23047.94921875,23042.55078125,23043.94921875
2026-09-25 13:05:00,23043.94921875,23046.55078125,23042.099609375,23043.650390625
2026-09-25 13:06:00,23043.650390625,23045.349609375,23040.900390625,23042.75
2026-09-25 13:07:00,23042.599609375,23047.05078125,23041.900390625,23044.75
2026-09-25 13:08:00,23044.650390625,23047.650390625,23042.099609375,23047.099609375
2026-09-25 13:09:00,23046.44921875,23051.44921875,23046.099609375,23051.30078125
2026-09-25 13:10:00,23050.94921875,23052.44921875,23047.650390625,23050.400390625
2026-09-25 13:11:00,23050.349609375,23055.400390625,23050.099609375,23054.0
2026-09-25 13:12:00,23054.05078125,23055.44921875,23051.099609375,23052.400390625
2026-09-25 13:13:00,23052.5,23053.349609375,23047.150390625,23048.69921875
2026-09-25 13:14:00,23048.5,23050.650390625,23041.099609375,23043.099609375
2026-09-25 13:15:00,23043.0,23045.94921875,23041.099609375,23042.349609375
2026-09-25 13:16:00,23042.5,23043.849609375,23039.75,23042.25
2026-09-25 13:17:00,23042.25,23044.25,23038.099609375,23039.80078125
2026-09-25 13:18:00,23039.849609375,23040.80078125,23036.0,23037.69921875
2026-09-25 13:19:00,23037.599609375,23040.0,23035.80078125,23037.5
2026-09-25 13:20:00,23037.599609375,23042.599609375,23037.25,23039.0
2026-09-25 13:21:00,23038.900390625,23042.099609375,23037.69921875,23039.599609375
2026-09-25 13:22:00,23039.75,23042.650390625,23037.650390625,23038.75
2026-09-25 13:23:00,23041.599609375,23041.599609375,23035.69921875,23039.400390625
2026-09-25 13:24:00,23039.5,23039.55078125,23030.650390625,23032.80078125
2026-09-25 13:25:00,23032.94921875,23038.19921875,23031.25,23037.94921875
2026-09-25 13:26:00,23037.80078125,23043.349609375,23035.94921875,23040.25
2026-09-25 13:27:00,23040.25,23041.849609375,23037.599609375,23038.75
2026-09-25 13:28:00,23038.55078125,23040.400390625,23034.75,23036.75
2026-09-25 13:29:00,23036.69921875,23041.75,23035.30078125,23040.44921875
2026-09-25 13:30:00,23040.349609375,23042.30078125,23036.94921875,23037.900390625
2026-09-25 13:31:00,23037.69921875,23041.19921875,23036.400390625,23039.599609375
2026-09-25 13:32:00,23039.94921875,23040.80078125,23035.44921875,23037.400390625
2026-09-25 13:33:00,23037.80078125,23038.69921875,23033.25,23034.400390625
2026-09-25 13:34:00,23034.30078125,23035.400390625,23030.30078125,23032.44921875
2026-09-25 13:35:00,23032.349609375,23034.150390625,23027.25,23034.05078125
2026-09-25 13:36:00,23033.25,23036.05078125,23030.0,23035.19921875
2026-09-25 13:37:00,23035.099609375,23038.69921875,23028.099609375,23038.150390625
2026-09-25 13:38:00,23038.25,23039.30078125,23034.150390625,23038.0
2026-09-25 13:39:00,23037.69921875,23042.30078125,23036.150390625,23036.900390625
2026-09-25 13:40:00,23037.0,23042.75,23035.650390625,23041.30078125
2026-09-25 13:41:00,23040.650390625,23044.099609375,23039.05078125,23040.55078125
2026-09-25 13:42:00,23040.44921875,23043.400390625,23039.0,23041.900390625
2026-09-25 13:43:00,23042.400390625,23047.900390625,23040.400390625,23042.05078125
2026-09-25 13:44:00,23042.05078125,23045.599609375,23039.94921875,23043.150390625
2026-09-25 13:45:00,23043.19921875,23045.30078125,23040.25,23044.900390625
2026-09-25 13:46:00,23044.650390625,23050.19921875,23043.900390625,23050.19921875
2026-09-25 13:47:00,23050.5,23054.099609375,23045.44921875,23048.94921875
2026-09-25 13:48:00,23049.05078125,23050.19921875,23044.80078125,23047.5
2026-09-25 13:49:00,23047.400390625,23050.099609375,23043.150390625,23044.400390625
2026-09-25 13:50:00,23044.55078125,23045.25,23041.69921875,23042.099609375
2026-09-25 13:51:00,23041.849609375,23046.349609375,23040.849609375,23045.849609375
2026-09-25 13:52:00,23045.900390625,23049.0,23043.69921875,23045.44921875
2026-09-25 13:53:00,23045.55078125,23047.650390625,23042.30078125,23043.55078125
2026-09-25 13:54:00,23043.55078125,23049.25,23043.05078125,23046.55078125
2026-09-25 13:55:00,23046.599609375,23047.900390625,23044.75,23047.849609375
2026-09-25 13:56:00,23047.849609375,23055.650390625,23047.0,23054.44921875
2026-09-25 13:57:00,23054.400390625,23055.69921875,23048.80078125,23050.05078125
2026-09-25 13:58:00,23049.599609375,23055.05078125,23048.400390625,23053.80078125
2026-09-25 13:59:00,23053.80078125,23063.69921875,23053.0,23063.19921875
2026-09-25 14:00:00,23063.099609375,23091.69921875,23063.099609375,23089.25
2026-09-25 14:01:00,23089.44921875,23101.0,23086.19921875,23099.69921875
2026-09-25 14:02:00,23099.05078125,23106.30078125,23090.75,23095.0
2026-09-25 14:03:00,23094.849609375,23153.900390625,23094.599609375,23153.900390625
2026-09-25 14:04:00,23153.30078125,23162.55078125,23144.75,23152.30078125
2026-09-25 14:05:00,23151.94921875,23158.150390625,23134.44921875,23139.30078125
2026-09-25 14:06:00,23139.30078125,23147.900390625,23138.0,23140.44921875
2026-09-25 14:07:00,23140.400390625,23143.44921875,23134.55078125,23136.099609375
2026-09-25 14:08:00,23136.94921875,23139.75,23123.25,23126.30078125
2026-09-25 14:09:00,23125.5,23127.19921875,23107.69921875,23111.400390625
2026-09-25 14:10:00,23111.19921875,23121.44921875,23110.900390625,23120.80078125
2026-09-25 14:11:00,23120.849609375,23128.05078125,23118.25,23127.69921875
2026-09-25 14:12:00,23127.05078125,23127.400390625,23117.349609375,23118.94921875
2026-09-25 14:13:00,23118.94921875,23120.5,23114.55078125,23114.55078125
2026-09-25 14:14:00,23114.900390625,23118.05078125,23112.94921875,23116.30078125
2026-09-25 14:15:00,23116.44921875,23125.05078125,23116.44921875,23121.0
2026-09-25 14:16:00,23120.150390625,23127.849609375,23118.0,23123.25
2026-09-25 14:17:00,23123.25,23126.599609375,23121.69921875,23124.150390625
2026-09-25 14:18:00,23124.349609375,23132.599609375,23124.25,23130.900390625
2026-09-25 14:19:00,23130.75,23132.150390625,23122.25,23124.25
2026-09-25 14:20:00,23124.25,23124.599609375,23112.400390625,23113.19921875
2026-09-25 14:21:00,23113.5,23122.69921875,23113.400390625,23119.05078125
2026-09-25 14:22:00,23119.25,23120.5,23114.80078125,23118.30078125
2026-09-25 14:23:00,23118.599609375,23120.400390625,23113.80078125,23114.94921875
2026-09-25 14:24:00,23114.69921875,23118.30078125,23110.099609375,23112.75
2026-09-25 14:25:00,23112.349609375,23126.55078125,23112.349609375,23122.849609375
2026-09-25 14:26:00,23123.150390625,23128.80078125,23109.05078125,23121.69921875
2026-09-25 14:27:00,23121.80078125,23124.0,23113.0,23115.30078125
2026-09-25 14:28:00,23115.30078125,23121.44921875,23112.25,23120.55078125
2026-09-25 14:29:00,23120.30078125,23122.5,23117.80078125,23118.900390625
2026-09-25 14:30:00,23119.0,23132.5,23118.30078125,23132.150390625
2026-09-25 14:31:00,23132.44921875,23134.75,23124.44921875,23131.19921875
2026-09-25 14:32:00,23131.30078125,23134.94921875,23128.650390625,23133.099609375
2026-09-25 14:33:00,23133.30078125,23136.650390625,23130.80078125,23134.349609375
2026-09-25 14:34:00,23134.900390625,23137.0,23128.650390625,23133.19921875
2026-09-25 14:35:00,23133.400390625,23135.44921875,23128.19921875,23129.650390625
2026-09-25 14:36:00,23129.69921875,23133.599609375,23128.05078125,23130.599609375
2026-09-25 14:37:00,23130.150390625,23135.75,23128.599609375,23134.80078125
2026-09-25 14:38:00,23134.80078125,23137.900390625,23133.30078125,23134.5
2026-09-25 14:39:00,23134.80078125,23138.94921875,23133.30078125,23137.80078125
2026-09-25 14:40:00,23137.75,23139.150390625,23129.900390625,23130.25
2026-09-25 14:41:00,23130.19921875,23131.05078125,23123.900390625,23127.75
2026-09-25 14:42:00,23127.75,23129.30078125,23123.400390625,23123.75
2026-09-25 14:43:00,23123.80078125,23125.150390625,23117.650390625,23119.099609375
2026-09-25 14:44:00,23118.75,23122.5,23116.94921875,23122.05078125
2026-09-25 14:45:00,23122.05078125,23125.69921875,23120.150390625,23123.599609375
2026-09-25 14:46:00,23123.69921875,23126.5,23121.94921875,23125.55078125
2026-09-25 14:47:00,23125.599609375,23127.30078125,23122.150390625,23122.69921875
2026-09-25 14:48:00,23122.599609375,23126.19921875,23116.75,23118.349609375
2026-09-25 14:49:00,23117.599609375,23120.900390625,23112.25,23113.55078125
2026-09-25 14:50:00,23113.349609375,23115.80078125,23108.19921875,23112.400390625
2026-09-25 14:51:00,23112.599609375,23115.25,23108.94921875,23114.69921875
2026-09-25 14:52:00,23114.75,23118.19921875,23113.5,23118.099609375
2026-09-25 14:53:00,23118.05078125,23121.599609375,23116.80078125,23118.849609375
2026-09-25 14:54:00,23118.94921875,23123.75,23118.19921875,23123.19921875
2026-09-25 14:55:00,23123.19921875,23124.44921875,23116.650390625,23117.69921875
2026-09-25 14:56:00,23117.75,23122.30078125,23116.80078125,23120.650390625
2026-09-25 14:57:00,23120.599609375,23121.75,23116.44921875,23118.94921875
2026-09-25 14:58:00,23119.19921875,23122.900390625,23118.19921875,23121.900390625
2026-09-25 14:59:00,23122.30078125,23124.0,23119.650390625,23123.400390625
2026-09-25 15:00:00,23123.099609375,23124.69921875,23112.05078125,23114.94921875
2026-09-25 15:01:00,23114.900390625,23115.5,23108.650390625,23109.150390625
2026-09-25 15:02:00,23109.849609375,23113.25,23103.5,23111.94921875
2026-09-25 15:03:00,23112.0,23113.0,23108.80078125,23109.94921875
2026-09-25 15:04:00,23110.400390625,23113.94921875,23108.5,23113.55078125
2026-09-25 15:05:00,23113.05078125,23115.30078125,23110.25,23112.349609375
2026-09-25 15:06:00,23112.25,23120.80078125,23110.849609375,23119.19921875
2026-09-25 15:07:00,23119.150390625,23120.25,23112.099609375,23114.19921875
2026-09-25 15:08:00,23114.349609375,23114.80078125,23107.900390625,23109.25
2026-09-25 15:09:00,23110.19921875,23110.19921875,23104.400390625,23107.900390625
2026-09-25 15:10:00,23107.900390625,23117.150390625,23107.349609375,23116.0
2026-09-25 15:11:00,23117.30078125,23118.25,23113.05078125,23114.19921875
2026-09-25 15:12:00,23113.69921875,23121.44921875,23110.19921875,23115.94921875
2026-09-25 15:13:00,23116.349609375,23120.19921875,23110.94921875,23117.75
2026-09-25 15:14:00,23117.5,23130.44921875,23117.099609375,23127.599609375
2026-09-25 15:15:00,23128.099609375,23128.099609375,23128.099609375,23128.099609375
2026-09-25 15:16:00,23128.099609375,23128.099609375,23128.099609375,23128.099609375
2026-09-25 15:17:00,23128.099609375,23128.099609375,23128.099609375,23128.099609375
2026-09-25 15:18:00,23128.099609375,23128.099609375,23128.099609375,23128.099609375
2026-09-25 15:19:00,23128.099609375,23128.099609375,23128.099609375,23128.099609375
2026-09-25 15:20:00,23128.099609375,23128.099609375,23128.099609375,23128.099609375
2026-09-25 15:21:00,23128.099609375,23128.099609375,23128.099609375,23128.099609375
2026-09-25 15:22:00,23128.099609375,23128.099609375,23128.099609375,23128.099609375
2026-09-25 15:23:00,23128.099609375,23128.099609375,23128.099609375,23128.099609375
2026-09-25 15:24:00,23128.099609375,23128.099609375,23128.099609375,23128.099609375
2026-09-25 15:25:00,23128.099609375,23128.099609375,23128.099609375,23128.099609375
2026-09-25 15:26:00,23128.099609375,23128.099609375,23128.099609375,23128.099609375
2026-09-25 15:27:00,23128.099609375,23128.099609375,23128.099609375,23128.099609375
2026-09-25 15:28:00,23128.099609375,23140.5,23128.099609375,23140.5
2026-09-25 15:29:00,23140.5,23140.5,23140.5,23140.5
2026-09-28 09:15:00,23064.900390625,23079.75,22972.75,22975.599609375
2026-09-28 09:16:00,22974.599609375,22974.849609375,22946.94921875,22965.5
2026-09-28 09:17:00,22965.19921875,22970.849609375,22963.19921875,22969.099609375
2026-09-28 09:18:00,22969.05078125,22977.44921875,22961.900390625,22966.599609375
2026-09-28 09:19:00,22965.75,22967.849609375,22947.55078125,22950.099609375
2026-09-28 09:20:00,22949.5,22951.80078125,22922.25,22925.400390625
2026-09-28 09:21:00,22927.19921875,22928.25,22917.400390625,22920.099609375
2026-09-28 09:22:00,22919.900390625,22923.30078125,22914.44921875,22917.30078125
2026-09-28 09:23:00,22917.0,22928.44921875,22917.0,22923.849609375
2026-09-28 09:24:00,22923.650390625,22937.900390625,22922.400390625,22926.650390625
2026-09-28 09:25:00,22926.5,22928.69921875,22913.75,22914.44921875
2026-09-28 09:26:00,22914.19921875,22918.349609375,22911.900390625,22912.900390625
2026-09-28 09:27:00,22912.94921875,22915.25,22907.69921875,22907.849609375
2026-09-28 09:28:00,22907.650390625,22912.349609375,22905.25,22909.94921875
2026-09-28 09:29:00,22909.650390625,22911.650390625,22906.349609375,22908.94921875
2026-09-28 09:30:00,22908.599609375,22910.19921875,22900.44921875,22907.80078125
2026-09-28 09:31:00,22907.55078125,22912.099609375,22904.80078125,22905.94921875
2026-09-28 09:32:00,22905.69921875,22907.75,22899.349609375,22901.349609375
2026-09-28 09:33:00,22901.44921875,22902.69921875,22892.80078125,22893.900390625
2026-09-28 09:34:00,22893.55078125,22894.25,22889.30078125,22893.400390625
2026-09-28 09:35:00,22893.25,22895.75,22870.0,22878.44921875
2026-09-28 09:36:00,22878.5,22878.80078125,22866.0,22868.099609375
2026-09-28 09:37:00,22867.80078125,22869.150390625,22862.94921875,22863.75
2026-09-28 09:38:00,22864.69921875,22867.25,22856.05078125,22862.5
2026-09-28 09:39:00,22862.099609375,22866.650390625,22860.150390625,22861.55078125
2026-09-28 09:40:00,22861.44921875,22864.30078125,22856.75,22862.650390625
2026-09-28 09:41:00,22862.94921875,22873.69921875,22862.94921875,22870.30078125
2026-09-28 09:42:00,22870.44921875,22871.900390625,22861.5,22864.150390625
2026-09-28 09:43:00,22864.400390625,22865.650390625,22856.099609375,22861.05078125
2026-09-28 09:44:00,22860.849609375,22862.0,22855.44921875,22856.44921875
2026-09-28 09:45:00,22857.400390625,22867.05078125,22856.30078125,22866.349609375
2026-09-28 09:46:00,22866.69921875,22873.05078125,22865.599609375,22870.80078125
2026-09-28 09:47:00,22870.80078125,22877.349609375,22870.30078125,22875.80078125
2026-09-28 09:48:00,22875.75,22878.599609375,22867.599609375,22868.150390625
2026-09-28 09:49:00,22868.19921875,22874.599609375,22865.94921875,22874.599609375
2026-09-28 09:50:00,22874.75,22876.30078125,22869.5,22873.80078125
2026-09-28 09:51:00,22873.94921875,22875.400390625,22866.900390625,22867.650390625
2026-09-28 09:52:00,22868.349609375,22876.5,22865.69921875,22874.80078125
2026-09-28 09:53:00,22876.650390625,22880.900390625,22875.0,22877.25
2026-09-28 09:54:00,22877.30078125,22877.849609375,22870.44921875,22872.349609375
2026-09-28 09:55:00,22871.19921875,22877.099609375,22869.44921875,22870.849609375
2026-09-28 09:56:00,22870.80078125,22875.30078125,22867.150390625,22874.55078125
2026-09-28 09:57:00,22875.099609375,22877.900390625,22872.849609375,22875.849609375
2026-09-28 09:58:00,22875.900390625,22886.5,22875.900390625,22883.94921875
2026-09-28 09:59:00,22884.25,22884.55078125,22874.69921875,22874.80078125
2026-09-28 10:00:00,22874.900390625,22876.349609375,22865.55078125,22866.900390625
2026-09-28 10:01:00,22866.900390625,22873.400390625,22864.80078125,22873.05078125
2026-09-28 10:02:00,22873.75,22879.55078125,22871.849609375,22877.25
2026-09-28 10:03:00,22877.099609375,22880.349609375,22872.650390625,22874.900390625
2026-09-28 10:04:00,22875.099609375,22876.099609375,22867.75,22872.849609375
2026-09-28 10:05:00,22872.849609375,22875.94921875,22864.349609375,22864.650390625
2026-09-28 10:06:00,22864.849609375,22867.25,22861.30078125,22862.25
2026-09-28 10:07:00,22862.30078125,22867.599609375,22860.44921875,22866.55078125
2026-09-28 10:08:00,22866.599609375,22868.30078125,22864.05078125,22864.19921875
2026-09-28 10:09:00,22864.099609375,22864.400390625,22850.599609375,22851.75
2026-09-28 10:10:00,22852.0,22854.599609375,22849.900390625,22854.349609375
2026-09-28 10:11:00,22854.650390625,22864.55078125,22854.099609375,22864.0
2026-09-28 10:12:00,22863.80078125,22867.19921875,22860.400390625,22861.150390625
2026-09-28 10:13:00,22860.80078125,22870.099609375,22860.099609375,22870.05078125
2026-09-28 10:14:00,22870.30078125,22871.75,22865.30078125,22865.55078125
2026-09-28 10:15:00,22865.400390625,22865.80078125,22855.94921875,22859.349609375
2026-09-28 10:16:00,22859.349609375,22859.75,22856.30078125,22857.05078125
2026-09-28 10:17:00,22856.849609375,22858.05078125,22839.650390625,22839.80078125
2026-09-28 10:18:00,22839.900390625,22848.150390625,22838.099609375,22845.94921875
2026-09-28 10:19:00,22845.650390625,22851.849609375,22844.849609375,22851.599609375
2026-09-28 10:20:00,22851.5,22860.30078125,22851.25,22856.80078125
2026-09-28 10:21:00,22856.75,22857.5,22848.5,22849.44921875
2026-09-28 10:22:00,22849.44921875,22849.849609375,22841.5,22843.30078125
2026-09-28 10:23:00,22843.30078125,22849.0,22842.69921875,22844.05078125
2026-09-28 10:24:00,22844.05078125,22845.94921875,22836.25,22838.25
2026-09-28 10:25:00,22838.19921875,22842.30078125,22834.900390625,22835.94921875
2026-09-28 10:26:00,22835.900390625,22840.849609375,22834.94921875,22835.94921875
2026-09-28 10:27:00,22835.69921875,22837.69921875,22833.80078125,22834.599609375
2026-09-28 10:28:00,22834.400390625,22839.80078125,22834.19921875,22839.44921875
2026-09-28 10:29:00,22839.30078125,22843.849609375,22838.400390625,22842.69921875
2026-09-28 10:30:00,22842.94921875,22851.650390625,22842.599609375,22848.25
2026-09-28 10:31:00,22848.099609375,22849.55078125,22845.349609375,22847.849609375
2026-09-28 10:32:00,22847.94921875,22849.099609375,22842.30078125,22844.44921875
2026-09-28 10:33:00,22845.19921875,22847.94921875,22844.19921875,22845.099609375
2026-09-28 10:34:00,22845.25,22845.25,22839.75,22841.900390625
2026-09-28 10:35:00,22841.75,22844.19921875,22840.69921875,22841.80078125
2026-09-28 10:36:00,22841.650390625,22852.69921875,22841.650390625,22846.599609375
2026-09-28 10:37:00,22847.19921875,22847.94921875,22839.650390625,22841.44921875
2026-09-28 10:38:00,22841.349609375,22842.30078125,22836.05078125,22836.30078125
2026-09-28 10:39:00,22836.400390625,22838.25,22829.400390625,22830.75
2026-09-28 10:40:00,22830.55078125,22835.900390625,22829.25,22833.349609375
2026-09-28 10:41:00,22833.05078125,22834.150390625,22821.30078125,22822.94921875
2026-09-28 10:42:00,22822.900390625,22826.099609375,22820.400390625,22824.25
2026-09-28 10:43:00,22824.55078125,22827.75,22820.69921875,22826.150390625
2026-09-28 10:44:00,22826.0,22827.75,22824.349609375,22827.099609375
2026-09-28 10:45:00,22827.25,22830.94921875,22825.44921875,22829.05078125
2026-09-28 10:46:00,22829.349609375,22834.099609375,22828.05078125,22830.05078125
2026-09-28 10:47:00,22830.25,22831.099609375,22826.44921875,22828.900390625
2026-09-28 10:48:00,22828.900390625,22830.25,22822.69921875,22823.349609375
2026-09-28 10:49:00,22823.25,22825.55078125,22821.5,22823.150390625
2026-09-28 10:50:00,22822.849609375,22824.05078125,22819.94921875,22824.05078125
2026-09-28 10:51:00,22824.0,22825.25,22820.650390625,22825.25
2026-09-28 10:52:00,22825.150390625,22827.349609375,22820.25,22821.19921875
2026-09-28 10:53:00,22820.650390625,22825.19921875,22819.80078125,22821.75
2026-09-28 10:54:00,22821.69921875,22829.94921875,22820.400390625,22827.80078125
2026-09-28 10:55:00,22828.0,22835.05078125,22828.0,22833.94921875
2026-09-28 10:56:00,22834.19921875,22837.099609375,22833.5,22835.150390625
2026-09-28 10:57:00,22834.94921875,22839.849609375,22834.849609375,22839.05078125
2026-09-28 10:58:00,22839.349609375,22841.69921875,22837.599609375,22840.5
2026-09-28 10:59:00,22840.75,22845.55078125,22838.0,22838.900390625
2026-09-28 11:00:00,22838.849609375,22840.0,22831.75,22832.900390625
2026-09-28 11:01:00,22832.849609375,22836.150390625,22830.400390625,22835.099609375
2026-09-28 11:02:00,22834.80078125,22837.30078125,22832.599609375,22836.0
2026-09-28 11:03:00,22835.94921875,22836.900390625,22830.349609375,22830.349609375
2026-09-28 11:04:00,22831.0,22831.900390625,22823.349609375,22824.0
2026-09-28 11:05:00,22824.0,22825.650390625,22820.80078125,22823.75
2026-09-28 11:06:00,22823.849609375,22828.25,22822.80078125,22827.099609375
2026-09-28 11:07:00,22827.05078125,22830.400390625,22825.650390625,22825.94921875
2026-09-28 11:08:00,22826.0,22827.400390625,22823.0,22823.349609375
2026-09-28 11:09:00,22823.19921875,22826.94921875,22823.19921875,22824.849609375
2026-09-28 11:10:00,22824.849609375,22828.44921875,22823.44921875,22823.80078125
2026-09-28 11:11:00,22824.0,22825.599609375,22818.900390625,22818.900390625
2026-09-28 11:12:00,22818.69921875,22820.5,22815.44921875,22819.30078125
2026-09-28 11:13:00,22819.55078125,22823.599609375,22819.25,22822.55078125
2026-09-28 11:14:00,22822.599609375,22823.80078125,22819.400390625,22820.80078125
2026-09-28 11:15:00,22820.69921875,22824.5,22817.30078125,22819.900390625
2026-09-28 11:16:00,22820.0,22821.05078125,22808.19921875,22809.0
2026-09-28 11:17:00,22808.900390625,22813.650390625,22808.900390625,22812.80078125
2026-09-28 11:18:00,22812.94921875,22814.599609375,22807.650390625,22814.44921875
2026-09-28 11:19:00,22814.599609375,22820.05078125,22814.099609375,22818.05078125
2026-09-28 11:20:00,22818.19921875,22823.25,22816.0,22818.599609375
2026-09-28 11:21:00,22818.5,22820.150390625,22815.44921875,22817.30078125
2026-09-28 11:22:00,22817.0,22819.30078125,22815.25,22815.25
2026-09-28 11:23:00,22815.30078125,22816.30078125,22811.44921875,22813.80078125
2026-09-28 11:24:00,22813.94921875,22815.19921875,22808.900390625,22810.650390625
2026-09-28 11:25:00,22810.599609375,22815.900390625,22810.599609375,22814.5
2026-09-28 11:26:00,22814.599609375,22817.80078125,22813.599609375,22816.30078125
2026-09-28 11:27:00,22816.30078125,22825.099609375,22816.0,22824.349609375
2026-09-28 11:28:00,22824.150390625,22829.099609375,22823.55078125,22828.349609375
2026-09-28 11:29:00,22829.94921875,22833.599609375,22829.0,22830.05078125
2026-09-28 11:30:00,22829.94921875,22835.69921875,22829.099609375,22832.650390625
2026-09-28 11:31:00,22832.69921875,22835.599609375,22830.150390625,22835.599609375
2026-09-28 11:32:00,22835.44921875,22840.80078125,22833.849609375,22838.19921875
2026-09-28 11:33:00,22839.25,22839.25,22827.19921875,22828.0
2026-09-28 11:34:00,22828.94921875,22829.30078125,22824.25,22825.80078125
2026-09-28 11:35:00,22825.75,22828.75,22822.900390625,22825.44921875
2026-09-28 11:36:00,22825.400390625,22828.650390625,22823.94921875,22828.19921875
2026-09-28 11:37:00,22828.25,22836.55078125,22828.0,22834.19921875
2026-09-28 11:38:00,22834.05078125,22837.349609375,22833.099609375,22836.44921875
2026-09-28 11:39:00,22836.44921875,22838.150390625,22835.44921875,22836.849609375
2026-09-28 11:40:00,22836.94921875,22843.69921875,22836.19921875,22843.19921875
2026-09-28 11:41:00,22843.19921875,22849.150390625,22840.75,22847.30078125
2026-09-28 11:42:00,22847.30078125,22847.94921875,22844.69921875,22846.5
2026-09-28 11:43:00,22846.5,22847.900390625,22842.80078125,22843.650390625
2026-09-28 11:44:00,22843.650390625,22844.25,22840.5,22842.099609375
2026-09-28 11:45:00,22842.05078125,22846.900390625,22840.900390625,22844.849609375
2026-09-28 11:46:00,22844.599609375,22849.349609375,22843.099609375,22845.349609375
2026-09-28 11:47:00,22845.099609375,22847.150390625,22842.849609375,22843.849609375
2026-09-28 11:48:00,22843.80078125,22846.900390625,22839.94921875,22845.80078125
2026-09-28 11:49:00,22845.69921875,22847.30078125,22838.099609375,22838.94921875
2026-09-28 11:50:00,22838.94921875,22843.099609375,22837.349609375,22839.0
2026-09-28 11:51:00,22838.94921875,22839.400390625,22829.400390625,22830.650390625
2026-09-28 11:52:00,22830.80078125,22837.19921875,22829.94921875,22836.0
2026-09-28 11:53:00,22835.94921875,22838.650390625,22834.400390625,22836.099609375
2026-09-28 11:54:00,22836.5,22837.80078125,22831.5,22831.75
2026-09-28 11:55:00,22832.099609375,22834.150390625,22824.69921875,22825.0
2026-09-28 11:56:00,22824.80078125,22826.599609375,22813.900390625,22817.400390625
2026-09-28 11:57:00,22817.55078125,22822.44921875,22816.44921875,22820.30078125
2026-09-28 11:58:00,22820.5,22824.30078125,22818.400390625,22821.94921875
2026-09-28 11:59:00,22821.94921875,22828.19921875,22820.69921875,22826.599609375
2026-09-28 12:00:00,22826.349609375,22827.69921875,22822.75,22826.5
2026-09-28 12:01:00,22826.44921875,22834.900390625,22826.44921875,22832.69921875
2026-09-28 12:02:00,22832.900390625,22835.599609375,22832.05078125,22834.849609375
2026-09-28 12:03:00,22834.69921875,22835.650390625,22827.19921875,22829.80078125
2026-09-28 12:04:00,22829.650390625,22832.05078125,22822.44921875,22823.849609375
2026-09-28 12:05:00,22823.849609375,22836.0,22822.55078125,22835.75
2026-09-28 12:06:00,22835.75,22837.94921875,22833.19921875,22835.0
2026-09-28 12:07:00,22835.349609375,22838.099609375,22832.19921875,22834.19921875
2026-09-28 12:08:00,22834.19921875,22835.0,22829.849609375,22833.849609375
2026-09-28 12:09:00,22833.75,22835.94921875,22831.0,22832.349609375
2026-09-28 12:10:00,22832.30078125,22834.19921875,22828.849609375,22831.650390625
2026-09-28 12:11:00,22831.69921875,22834.099609375,22829.849609375,22830.69921875
2026-09-28 12:12:00,22830.94921875,22833.44921875,22827.55078125,22832.150390625
2026-09-28 12:13:00,22832.150390625,22833.69921875,22828.19921875,22829.94921875
2026-09-28 12:14:00,22829.849609375,22835.0,22829.599609375,22834.30078125
2026-09-28 12:15:00,22834.150390625,22835.25,22825.44921875,22826.05078125
2026-09-28 12:16:00,22826.099609375,22832.55078125,22824.80078125,22830.80078125
2026-09-28 12:17:00,22830.75,22833.75,22828.650390625,22832.75
2026-09-28 12:18:00,22832.69921875,22834.80078125,22831.19921875,22833.94921875
2026-09-28 12:19:00,22833.94921875,22837.30078125,22833.55078125,22836.44921875
2026-09-28 12:20:00,22836.400390625,22837.69921875,22833.849609375,22835.5
2026-09-28 12:21:00,22835.44921875,22835.5,22832.25,22833.150390625
2026-09-28 12:22:00,22832.849609375,22834.400390625,22830.150390625,22831.05078125
2026-09-28 12:23:00,22831.099609375,22838.599609375,22830.44921875,22838.150390625
2026-09-28 12:24:00,22838.150390625,22843.900390625,22836.25,22843.900390625
2026-09-28 12:25:00,22844.0,22847.650390625,22843.599609375,22845.650390625
2026-09-28 12:26:00,22845.849609375,22851.25,22845.75,22847.69921875
2026-09-28 12:27:00,22847.69921875,22849.05078125,22840.849609375,22841.75
2026-09-28 12:28:00,22841.650390625,22849.30078125,22841.30078125,22848.55078125
2026-09-28 12:29:00,22848.5,22855.44921875,22847.099609375,22854.099609375
2026-09-28 12:30:00,22853.80078125,22855.349609375,22847.650390625,22848.5
2026-09-28 12:31:00,22848.5,22849.80078125,22841.30078125,22846.400390625
2026-09-28 12:32:00,22846.400390625,22850.05078125,22843.94921875,22848.650390625
2026-09-28 12:33:00,22848.650390625,22850.0,22840.849609375,22841.849609375
2026-09-28 12:34:00,22841.80078125,22843.349609375,22835.5,22838.80078125
2026-09-28 12:35:00,22839.05078125,22840.05078125,22836.099609375,22839.44921875
2026-09-28 12:36:00,22839.349609375,22840.44921875,22837.05078125,22838.349609375
2026-09-28 12:37:00,22838.19921875,22842.75,22838.099609375,22840.25
2026-09-28 12:38:00,22840.400390625,22841.900390625,22837.650390625,22839.69921875
2026-09-28 12:39:00,22839.849609375,22841.150390625,22837.30078125,22839.349609375
2026-09-28 12:40:00,22839.349609375,22842.099609375,22838.69921875,22839.400390625
2026-09-28 12:41:00,22839.400390625,22844.150390625,22838.849609375,22843.349609375
2026-09-28 12:42:00,22843.400390625,22844.44921875,22840.75,22843.5
2026-09-28 12:43:00,22843.849609375,22848.150390625,22842.650390625,22843.400390625
2026-09-28 12:44:00,22843.69921875,22844.849609375,22837.650390625,22838.400390625
2026-09-28 12:45:00,22838.44921875,22840.150390625,22835.25,22837.650390625
2026-09-28 12:46:00,22837.650390625,22842.19921875,22837.650390625,22841.0
2026-09-28 12:47:00,22841.0,22841.900390625,22837.849609375,22839.0
2026-09-28 12:48:00,22839.19921875,22841.349609375,22835.19921875,22837.0
2026-09-28 12:49:00,22836.94921875,22839.099609375,22835.849609375,22837.55078125
2026-09-28 12:50:00,22837.55078125,22839.30078125,22834.69921875,22835.55078125
2026-09-28 12:51:00,22835.44921875,22838.80078125,22834.5,22838.05078125
2026-09-28 12:52:00,22838.05078125,22840.19921875,22830.75,22831.55078125
2026-09-28 12:53:00,22831.900390625,22832.75,22827.69921875,22829.44921875
2026-09-28 12:54:00,22829.349609375,22833.94921875,22828.69921875,22832.25
2026-09-28 12:55:00,22832.25,22832.44921875,22828.05078125,22831.05078125
2026-09-28 12:56:00,22831.099609375,22833.349609375,22828.349609375,22829.5
2026-09-28 12:57:00,22829.75,22830.94921875,22822.849609375,22823.55078125
2026-09-28 12:58:00,22823.69921875,22828.75,22822.80078125,22828.400390625
2026-09-28 12:59:00,22828.400390625,22832.69921875,22827.69921875,22830.25
2026-09-28 13:00:00,22830.150390625,22832.599609375,22827.30078125,22827.94921875
2026-09-28 13:01:00,22827.900390625,22831.349609375,22827.900390625,22830.75
2026-09-28 13:02:00,22830.80078125,22831.55078125,22826.80078125,22827.25
2026-09-28 13:03:00,22827.349609375,22829.75,22826.69921875,22828.30078125
2026-09-28 13:04:00,22828.349609375,22829.099609375,22820.900390625,22820.900390625
2026-09-28 13:05:00,22821.19921875,22822.44921875,22819.94921875,22822.400390625
2026-09-28 13:06:00,22822.349609375,22824.44921875,22820.349609375,22822.30078125
2026-09-28 13:07:00,22822.5,22824.30078125,22818.5,22820.5
2026-09-28 13:08:00,22820.5,22821.5,22809.44921875,22812.5
2026-09-28 13:09:00,22812.5,22822.25,22812.19921875,22821.5
2026-09-28 13:10:00,22821.69921875,22831.349609375,22821.69921875,22831.349609375
2026-09-28 13:11:00,22831.25,22837.650390625,22831.25,22832.94921875
2026-09-28 13:12:00,22832.80078125,22834.44921875,22823.599609375,22824.75
2026-09-28 13:13:00,22824.69921875,22826.650390625,22823.349609375,22824.25
2026-09-28 13:14:00,22824.349609375,22825.94921875,22819.69921875,22820.099609375
2026-09-28 13:15:00,22820.400390625,22823.75,22818.19921875,22819.30078125
2026-09-28 13:16:00,22819.349609375,22822.80078125,22818.55078125,22821.849609375
2026-09-28 13:17:00,22821.900390625,22829.44921875,22821.900390625,22829.0
2026-09-28 13:18:00,22828.94921875,22832.19921875,22827.19921875,22827.849609375
2026-09-28 13:19:00,22827.849609375,22831.75,22826.05078125,22831.5
2026-09-28 13:20:00,22831.599609375,22831.849609375,22824.900390625,22825.80078125
2026-09-28 13:21:00,22825.94921875,22830.650390625,22825.150390625,22830.5
2026-09-28 13:22:00,22830.349609375,22835.349609375,22830.349609375,22834.900390625
2026-09-28 13:23:00,22834.94921875,22848.25,22833.349609375,22842.05078125
2026-09-28 13:24:00,22841.75,22843.349609375,22840.150390625,22841.5
2026-09-28 13:25:00,22841.44921875,22844.400390625,22839.849609375,22844.05078125
2026-09-28 13:26:00,22844.099609375,22848.0,22844.05078125,22846.349609375
2026-09-28 13:27:00,22846.25,22848.69921875,22844.30078125,22845.099609375
2026-09-28 13:28:00,22845.0,22846.75,22842.94921875,22846.150390625
2026-09-28 13:29:00,22846.150390625,22848.25,22844.849609375,22846.650390625
2026-09-28 13:30:00,22846.349609375,22848.599609375,22842.25,22842.650390625
2026-09-28 13:31:00,22843.19921875,22843.30078125,22834.19921875,22836.900390625
2026-09-28 13:32:00,22836.94921875,22839.099609375,22832.94921875,22833.849609375
2026-09-28 13:33:00,22833.80078125,22837.44921875,22833.099609375,22833.349609375
2026-09-28 13:34:00,22833.55078125,22835.55078125,22830.150390625,22831.0
2026-09-28 13:35:00,22831.099609375,22834.849609375,22831.0,22832.69921875
2026-09-28 13:36:00,22832.599609375,22836.69921875,22832.44921875,22833.30078125
2026-09-28 13:37:00,22833.30078125,22836.0,22830.69921875,22831.69921875
2026-09-28 13:38:00,22831.900390625,22835.650390625,22831.900390625,22834.5
2026-09-28 13:39:00,22834.44921875,22843.599609375,22834.30078125,22842.849609375
2026-09-28 13:40:00,22843.0,22844.75,22841.80078125,22843.599609375
2026-09-28 13:41:00,22843.400390625,22847.25,22843.05078125,22846.0
2026-09-28 13:42:00,22846.150390625,22846.75,22839.5,22839.849609375
2026-09-28 13:43:00,22839.849609375,22840.75,22831.099609375,22832.30078125
2026-09-28 13:44:00,22832.05078125,22836.75,22831.0,22836.0
2026-09-28 13:45:00,22836.099609375,22840.349609375,22836.099609375,22838.5
2026-09-28 13:46:00,22838.5,22840.900390625,22837.55078125,22839.05078125
2026-09-28 13:47:00,22839.099609375,22844.55078125,22837.650390625,22838.849609375
2026-09-28 13:48:00,22838.55078125,22841.0,22834.849609375,22836.44921875
2026-09-28 13:49:00,22836.55078125,22837.400390625,22828.55078125,22835.94921875
2026-09-28 13:50:00,22836.0,22838.900390625,22835.150390625,22836.44921875
2026-09-28 13:51:00,22836.19921875,22838.69921875,22832.900390625,22836.650390625
2026-09-28 13:52:00,22837.05078125,22843.650390625,22836.05078125,22842.0
2026-09-28 13:53:00,22842.05078125,22844.400390625,22834.400390625,22836.400390625
2026-09-28 13:54:00,22836.44921875,22838.0,22832.349609375,22833.55078125
2026-09-28 13:55:00,22833.55078125,22836.0,22832.19921875,22834.55078125
2026-09-28 13:56:00,22834.55078125,22844.599609375,22833.849609375,22842.099609375
2026-09-28 13:57:00,22842.349609375,22844.0,22835.75,22836.55078125
2026-09-28 13:58:00,22836.19921875,22844.69921875,22835.400390625,22841.400390625
2026-09-28 13:59:00,22841.55078125,22845.099609375,22841.44921875,22843.150390625
2026-09-28 14:00:00,22842.75,22846.099609375,22841.599609375,22843.0
2026-09-28 14:01:00,22843.150390625,22844.25,22836.599609375,22837.55078125
2026-09-28 14:02:00,22837.55078125,22838.94921875,22828.69921875,22829.900390625
2026-09-28 14:03:00,22830.19921875,22836.0,22829.69921875,22833.69921875
2026-09-28 14:04:00,22834.05078125,22837.849609375,22831.099609375,22832.099609375
2026-09-28 14:05:00,22832.150390625,22834.69921875,22829.94921875,22830.400390625
2026-09-28 14:06:00,22830.44921875,22832.349609375,22824.55078125,22825.44921875
2026-09-28 14:07:00,22825.400390625,22829.25,22824.150390625,22827.599609375
2026-09-28 14:08:00,22828.0,22830.44921875,22825.849609375,22829.900390625
2026-09-28 14:09:00,22829.80078125,22831.80078125,22825.75,22828.69921875
2026-09-28 14:10:00,22829.25,22834.349609375,22826.900390625,22833.19921875
2026-09-28 14:11:00,22833.349609375,22837.44921875,22831.0,22835.650390625
2026-09-28 14:12:00,22835.25,22837.650390625,22831.19921875,22831.599609375
2026-09-28 14:13:00,22831.650390625,22833.900390625,22821.5,22821.80078125
2026-09-28 14:14:00,22821.80078125,22825.5,22819.5,22821.80078125
2026-09-28 14:15:00,22821.80078125,22825.650390625,22813.599609375,22813.900390625
2026-09-28 14:16:00,22813.900390625,22817.25,22811.75,22814.55078125
2026-09-28 14:17:00,22814.55078125,22815.849609375,22803.650390625,22804.19921875
2026-09-28 14:18:00,22803.55078125,22804.94921875,22785.55078125,22795.400390625
2026-09-28 14:19:00,22795.55078125,22800.55078125,22794.400390625,22795.0
2026-09-28 14:20:00,22795.44921875,22804.55078125,22795.25,22802.69921875
2026-09-28 14:21:00,22802.5,22806.25,22801.599609375,22804.55078125
2026-09-28 14:22:00,22804.349609375,22805.19921875,22796.099609375,22796.44921875
2026-09-28 14:23:00,22796.400390625,22797.5,22791.80078125,22794.19921875
2026-09-28 14:24:00,22794.349609375,22800.900390625,22794.349609375,22797.599609375
2026-09-28 14:25:00,22797.650390625,22803.5,22796.900390625,22801.69921875
2026-09-28 14:26:00,22801.650390625,22803.69921875,22798.55078125,22799.400390625
2026-09-28 14:27:00,22799.44921875,22803.05078125,22797.599609375,22800.650390625
2026-09-28 14:28:00,22801.0,22802.099609375,22796.5,22797.69921875
2026-09-28 14:29:00,22797.69921875,22800.349609375,22792.900390625,22793.75
2026-09-28 14:30:00,22794.19921875,22805.400390625,22793.599609375,22804.94921875
2026-09-28 14:31:00,22805.0,22805.849609375,22797.05078125,22798.69921875
2026-09-28 14:32:00,22798.599609375,22799.650390625,22791.650390625,22792.400390625
2026-09-28 14:33:00,22792.44921875,22793.44921875,22787.099609375,22788.349609375
2026-09-28 14:34:00,22788.349609375,22790.0,22781.44921875,22783.400390625
2026-09-28 14:35:00,22783.05078125,22786.0,22781.0,22782.30078125
2026-09-28 14:36:00,22782.44921875,22788.05078125,22781.400390625,22782.75
2026-09-28 14:37:00,22782.69921875,22784.19921875,22778.400390625,22779.19921875
2026-09-28 14:38:00,22779.19921875,22780.099609375,22764.349609375,22767.0
2026-09-28 14:39:00,22766.599609375,22769.25,22762.25,22768.150390625
2026-09-28 14:40:00,22768.5,22772.849609375,22765.30078125,22770.900390625
2026-09-28 14:41:00,22770.599609375,22776.5,22770.0,22774.05078125
2026-09-28 14:42:00,22774.099609375,22775.80078125,22770.0,22770.349609375
2026-09-28 14:43:00,22770.099609375,22773.599609375,22768.599609375,22772.69921875
2026-09-28 14:44:00,22772.69921875,22779.599609375,22771.849609375,22778.80078125
2026-09-28 14:45:00,22778.80078125,22781.55078125,22778.05078125,22779.0
2026-09-28 14:46:00,22778.94921875,22789.55078125,22777.5,22789.400390625
2026-09-28 14:47:00,22788.5,22792.75,22786.94921875,22789.05078125
2026-09-28 14:48:00,22789.25,22791.44921875,22786.5,22790.849609375
2026-09-28 14:49:00,22790.94921875,22799.900390625,22790.30078125,22798.55078125
2026-09-28 14:50:00,22798.599609375,22803.099609375,22795.5,22802.650390625
2026-09-28 14:51:00,22802.400390625,22803.80078125,22797.30078125,22798.75
2026-09-28 14:52:00,22798.650390625,22802.900390625,22794.80078125,22802.25
2026-09-28 14:53:00,22802.349609375,22808.5,22801.44921875,22805.94921875
2026-09-28 14:54:00,22805.849609375,22807.099609375,22801.650390625,22802.44921875
2026-09-28 14:55:00,22802.099609375,22804.849609375,22799.900390625,22800.650390625
2026-09-28 14:56:00,22800.55078125,22802.44921875,22798.75,22800.650390625
2026-09-28 14:57:00,22800.900390625,22806.19921875,22799.80078125,22802.75
2026-09-28 14:58:00,22802.80078125,22805.25,22799.19921875,22799.599609375
2026-09-28 14:59:00,22800.80078125,22801.349609375,22797.25,22797.80078125
2026-09-28 15:00:00,22797.900390625,22798.599609375,22793.55078125,22795.150390625
2026-09-28 15:01:00,22795.099609375,22795.55078125,22789.900390625,22790.30078125
2026-09-28 15:02:00,22790.69921875,22791.099609375,22780.75,22785.80078125
2026-09-28 15:03:00,22785.80078125,22794.25,22784.30078125,22793.55078125
2026-09-28 15:04:00,22793.5,22796.69921875,22790.44921875,22790.69921875
2026-09-28 15:05:00,22790.349609375,22790.849609375,22782.650390625,22786.30078125
2026-09-28 15:06:00,22786.349609375,22786.349609375,22778.25,22782.75
2026-09-28 15:07:00,22782.75,22785.75,22780.400390625,22784.0
2026-09-28 15:08:00,22783.75,22786.55078125,22782.19921875,22784.099609375
2026-09-28 15:09:00,22783.5,22785.44921875,22777.599609375,22784.30078125
2026-09-28 15:10:00,22784.0,22797.599609375,22782.55078125,22793.55078125
2026-09-28 15:11:00,22793.900390625,22795.55078125,22788.30078125,22794.900390625
2026-09-28 15:12:00,22794.849609375,22797.69921875,22787.650390625,22795.349609375
2026-09-28 15:13:00,22795.30078125,22797.099609375,22788.650390625,22790.75
2026-09-28 15:14:00,22791.349609375,22792.400390625,22781.75,22787.19921875
2026-09-28 15:15:00,22788.25,22788.25,22788.25,22788.25
2026-09-28 15:16:00,22788.25,22788.25,22788.25,22788.25
2026-09-28 15:17:00,22788.25,22788.25,22788.25,22788.25
2026-09-28 15:18:00,22788.25,22788.25,22788.25,22788.25
2026-09-28 15:19:00,22788.25,22788.25,22788.25,22788.25
2026-09-28 15:20:00,22788.25,22788.25,22788.25,22788.25
2026-09-28 15:21:00,22788.25,22788.25,22788.25,22788.25
2026-09-28 15:22:00,22788.25,22788.25,22788.25,22788.25
2026-09-28 15:23:00,22788.25,22788.25,22788.25,22788.25
2026-09-28 15:24:00,22788.25,22788.25,22788.25,22788.25
2026-09-28 15:25:00,22788.25,22788.25,22788.25,22788.25
2026-09-28 15:26:00,22788.25,22788.25,22788.25,22788.25
2026-09-28 15:27:00,22788.25,22788.25,22788.25,22788.25
2026-09-28 15:28:00,22788.25,22788.25,22788.25,22788.25
2026-09-28 15:29:00,22788.25,22788.25,22780.25,22780.25
2026-09-29 09:15:00,22732.44921875,22752.44921875,22704.80078125,22724.099609375
2026-09-29 09:16:00,22722.25,22722.25,22708.150390625,22714.55078125
2026-09-29 09:17:00,22714.19921875,22723.05078125,22706.400390625,22714.099609375
2026-09-29 09:18:00,22712.94921875,22718.400390625,22683.55078125,22685.05078125
2026-09-29 09:19:00,22683.5,22690.44921875,22680.19921875,22681.900390625
2026-09-29 09:20:00,22683.75,22685.44921875,22673.349609375,22674.94921875
2026-09-29 09:21:00,22675.25,22676.0,22664.900390625,22668.75
2026-09-29 09:22:00,22668.900390625,22669.650390625,22656.400390625,22668.099609375
2026-09-29 09:23:00,22668.44921875,22677.75,22668.099609375,22672.0
2026-09-29 09:24:00,22672.5,22676.25,22664.05078125,22666.75
2026-09-29 09:25:00,22666.900390625,22668.099609375,22656.400390625,22660.0
2026-09-29 09:26:00,22660.0,22661.30078125,22651.25,22652.5
2026-09-29 09:27:00,22652.400390625,22653.0,22642.69921875,22646.5
2026-09-29 09:28:00,22645.69921875,22646.05078125,22631.44921875,22634.400390625
2026-09-29 09:29:00,22635.150390625,22637.05078125,22624.69921875,22625.599609375
2026-09-29 09:30:00,22625.30078125,22638.099609375,22623.94921875,22631.55078125
2026-09-29 09:31:00,22632.400390625,22632.80078125,22621.5,22622.19921875
2026-09-29 09:32:00,22622.19921875,22627.349609375,22611.5,22613.599609375
2026-09-29 09:33:00,22613.30078125,22621.900390625,22611.099609375,22618.099609375
2026-09-29 09:34:00,22617.400390625,22621.69921875,22614.94921875,22618.94921875
2026-09-29 09:35:00,22619.75,22619.75,22603.19921875,22604.150390625
2026-09-29 09:36:00,22604.05078125,22604.80078125,22582.25,22584.5
2026-09-29 09:37:00,22585.05078125,22585.44921875,22571.650390625,22572.650390625
2026-09-29 09:38:00,22573.25,22586.25,22569.650390625,22581.55078125
2026-09-29 09:39:00,22582.80078125,22584.099609375,22575.44921875,22577.099609375
2026-09-29 09:40:00,22577.30078125,22598.19921875,22573.599609375,22594.849609375
2026-09-29 09:41:00,22594.69921875,22619.849609375,22591.650390625,22618.5
2026-09-29 09:42:00,22619.30078125,22626.5,22617.650390625,22624.849609375
2026-09-29 09:43:00,22625.30078125,22627.900390625,22611.0,22616.75
2026-09-29 09:44:00,22616.349609375,22618.75,22610.849609375,22613.30078125
2026-09-29 09:45:00,22613.400390625,22618.75,22607.400390625,22609.44921875
2026-09-29 09:46:00,22610.349609375,22610.349609375,22600.099609375,22606.30078125
2026-09-29 09:47:00,22606.25,22610.650390625,22603.349609375,22604.150390625
2026-09-29 09:48:00,22604.30078125,22605.099609375,22596.349609375,22599.30078125
2026-09-29 09:49:00,22598.900390625,22601.150390625,22595.25,22596.30078125
2026-09-29 09:50:00,22596.099609375,22599.75,22591.19921875,22595.900390625
2026-09-29 09:51:00,22595.80078125,22603.900390625,22590.80078125,22603.0
2026-09-29 09:52:00,22602.0,22603.400390625,22595.150390625,22600.349609375
2026-09-29 09:53:00,22597.80078125,22601.19921875,22593.44921875,22593.94921875
2026-09-29 09:54:00,22594.30078125,22607.80078125,22592.80078125,22605.55078125
2026-09-29 09:55:00,22605.55078125,22619.25,22604.150390625,22615.75
2026-09-29 09:56:00,22615.900390625,22615.900390625,22608.80078125,22610.05078125
2026-09-29 09:57:00,22610.44921875,22610.5,22600.099609375,22609.25
2026-09-29 09:58:00,22609.349609375,22613.05078125,22602.099609375,22604.150390625
2026-09-29 09:59:00,22603.900390625,22608.5,22600.650390625,22604.25
2026-09-29 10:00:00,22604.349609375,22607.94921875,22599.30078125,22607.75
2026-09-29 10:01:00,22607.75,22608.55078125,22592.900390625,22594.30078125
2026-09-29 10:02:00,22593.900390625,22594.69921875,22587.900390625,22591.5
2026-09-29 10:03:00,22591.5,22602.599609375,22590.69921875,22592.349609375
2026-09-29 10:04:00,22592.150390625,22596.80078125,22587.5,22590.150390625
2026-09-29 10:05:00,22590.5,22592.44921875,22584.69921875,22584.69921875
2026-09-29 10:06:00,22584.69921875,22590.150390625,22582.650390625,22583.849609375
2026-09-29 10:07:00,22583.75,22592.69921875,22580.55078125,22591.5
2026-09-29 10:08:00,22591.400390625,22599.349609375,22585.25,22594.099609375
2026-09-29 10:09:00,22594.05078125,22594.05078125,22584.349609375,22584.650390625
2026-09-29 10:10:00,22584.75,22586.849609375,22580.80078125,22582.150390625
2026-09-29 10:11:00,22581.900390625,22582.05078125,22571.55078125,22574.599609375
2026-09-29 10:12:00,22575.099609375,22581.900390625,22573.099609375,22577.55078125
2026-09-29 10:13:00,22577.55078125,22578.849609375,22573.900390625,22575.05078125
2026-09-29 10:14:00,22575.400390625,22579.75,22574.0,22578.75
2026-09-29 10:15:00,22578.75,22585.19921875,22575.099609375,22584.150390625
2026-09-29 10:16:00,22584.05078125,22585.25,22580.75,22582.650390625
2026-09-29 10:17:00,22583.150390625,22589.0,22582.19921875,22582.94921875
2026-09-29 10:18:00,22583.30078125,22587.19921875,22580.55078125,22586.349609375
2026-09-29 10:19:00,22586.150390625,22591.5,22584.80078125,22585.400390625
2026-09-29 10:20:00,22585.599609375,22586.80078125,22581.05078125,22584.55078125
2026-09-29 10:21:00,22583.849609375,22585.69921875,22573.0,22574.55078125
2026-09-29 10:22:00,22574.44921875,22584.349609375,22573.400390625,22579.69921875
2026-09-29 10:23:00,22579.69921875,22587.44921875,22578.349609375,22583.19921875
2026-09-29 10:24:00,22583.30078125,22587.650390625,22581.75,22587.5
2026-09-29 10:25:00,22587.5,22594.69921875,22586.349609375,22593.150390625
2026-09-29 10:26:00,22593.150390625,22599.599609375,22592.44921875,22599.400390625
2026-09-29 10:27:00,22598.80078125,22601.19921875,22595.349609375,22598.099609375
2026-09-29 10:28:00,22597.55078125,22600.94921875,22594.75,22599.75
2026-09-29 10:29:00,22599.900390625,22605.30078125,22599.150390625,22600.849609375
2026-09-29 10:30:00,22600.30078125,22602.150390625,22596.44921875,22597.19921875
2026-09-29 10:31:00,22597.30078125,22600.80078125,22591.30078125,22592.55078125
2026-09-29 10:32:00,22592.80078125,22593.400390625,22586.19921875,22586.55078125
2026-09-29 10:33:00,22586.5,22587.849609375,22581.0,22581.80078125
2026-09-29 10:34:00,22581.849609375,22594.849609375,22580.55078125,22594.150390625
2026-09-29 10:35:00,22594.150390625,22597.099609375,22592.099609375,22595.80078125
2026-09-29 10:36:00,22595.80078125,22596.900390625,22588.849609375,22589.900390625
2026-09-29 10:37:00,22590.099609375,22593.25,22585.400390625,22589.44921875
2026-09-29 10:38:00,22589.5,22594.650390625,22587.400390625,22593.900390625
2026-09-29 10:39:00,22593.849609375,22598.650390625,22593.099609375,22595.30078125
2026-09-29 10:40:00,22595.5,22596.849609375,22589.849609375,22591.25
2026-09-29 10:41:00,22591.349609375,22597.05078125,22590.19921875,22594.650390625
2026-09-29 10:42:00,22595.05078125,22598.55078125,22593.55078125,22597.400390625
2026-09-29 10:43:00,22597.150390625,22614.30078125,22597.150390625,22609.80078125
2026-09-29 10:44:00,22610.0,22615.349609375,22609.05078125,22613.0
2026-09-29 10:45:00,22613.05078125,22613.349609375,22606.75,22606.94921875
2026-09-29 10:46:00,22607.0,22609.849609375,22599.400390625,22601.849609375
2026-09-29 10:47:00,22601.5,22603.94921875,22596.55078125,22598.900390625
2026-09-29 10:48:00,22598.94921875,22599.900390625,22592.5,22598.05078125
2026-09-29 10:49:00,22597.94921875,22604.099609375,22596.5,22603.44921875
2026-09-29 10:50:00,22603.30078125,22603.849609375,22595.349609375,22597.19921875
2026-09-29 10:51:00,22597.19921875,22599.5,22595.05078125,22597.099609375
2026-09-29 10:52:00,22596.94921875,22607.30078125,22595.69921875,22607.30078125
2026-09-29 10:53:00,22607.349609375,22608.5,22604.900390625,22605.94921875
2026-09-29 10:54:00,22606.44921875,22612.099609375,22605.80078125,22609.55078125
2026-09-29 10:55:00,22609.599609375,22620.099609375,22608.80078125,22616.44921875
2026-09-29 10:56:00,22616.5,22623.55078125,22613.94921875,22614.30078125
2026-09-29 10:57:00,22615.349609375,22618.05078125,22611.80078125,22617.0
2026-09-29 10:58:00,22616.650390625,22628.650390625,22616.0,22619.05078125
2026-09-29 10:59:00,22617.650390625,22622.19921875,22617.099609375,22617.099609375
2026-09-29 11:00:00,22617.05078125,22620.19921875,22610.69921875,22614.099609375
2026-09-29 11:01:00,22614.099609375,22615.25,22601.05078125,22603.099609375
2026-09-29 11:02:00,22602.900390625,22603.55078125,22593.5,22596.80078125
2026-09-29 11:03:00,22597.05078125,22604.80078125,22595.19921875,22603.349609375
2026-09-29 11:04:00,22603.349609375,22603.400390625,22595.650390625,22600.0
2026-09-29 11:05:00,22600.55078125,22601.099609375,22593.650390625,22595.05078125
2026-09-29 11:06:00,22594.900390625,22605.25,22590.94921875,22603.80078125
2026-09-29 11:07:00,22603.69921875,22609.30078125,22601.69921875,22606.69921875
2026-09-29 11:08:00,22606.80078125,22606.94921875,22599.900390625,22604.55078125
2026-09-29 11:09:00,22604.349609375,22619.94921875,22602.55078125,22616.80078125
2026-09-29 11:10:00,22617.0,22658.05078125,22612.599609375,22648.400390625
2026-09-29 11:11:00,22648.19921875,22665.849609375,22647.19921875,22648.849609375
2026-09-29 11:12:00,22648.849609375,22671.900390625,22647.05078125,22668.349609375
2026-09-29 11:13:00,22668.349609375,22688.80078125,22659.849609375,22687.349609375
2026-09-29 11:14:00,22687.19921875,22701.44921875,22675.80078125,22683.94921875
2026-09-29 11:15:00,22683.75,22695.44921875,22681.400390625,22686.5
2026-09-29 11:16:00,22685.599609375,22688.75,22666.69921875,22673.099609375
2026-09-29 11:17:00,22672.94921875,22679.05078125,22670.400390625,22671.099609375
2026-09-29 11:18:00,22671.150390625,22673.5,22663.19921875,22673.5
2026-09-29 11:19:00,22674.0,22683.400390625,22672.650390625,22680.0
2026-09-29 11:20:00,22680.099609375,22693.69921875,22679.400390625,22689.55078125
2026-09-29 11:21:00,22689.75,22689.75,22679.44921875,22682.599609375
2026-09-29 11:22:00,22682.05078125,22687.099609375,22676.80078125,22682.900390625
2026-09-29 11:23:00,22683.150390625,22685.80078125,22677.349609375,22680.849609375
2026-09-29 11:24:00,22680.80078125,22680.900390625,22667.19921875,22669.849609375
2026-09-29 11:25:00,22670.0,22675.150390625,22668.55078125,22674.55078125
2026-09-29 11:26:00,22674.44921875,22678.30078125,22671.55078125,22676.75
2026-09-29 11:27:00,22676.80078125,22682.349609375,22672.0,22678.94921875
2026-09-29 11:28:00,22678.900390625,22692.69921875,22676.19921875,22688.69921875
2026-09-29 11:29:00,22688.599609375,22697.0,22686.55078125,22697.0
2026-09-29 11:30:00,22696.650390625,22723.0,22694.099609375,22715.400390625
2026-09-29 11:31:00,22715.0,22733.05078125,22714.599609375,22729.80078125
2026-09-29 11:32:00,22729.69921875,22730.5,22717.75,22719.69921875
2026-09-29 11:33:00,22719.80078125,22730.94921875,22717.5,22725.900390625
2026-09-29 11:34:00,22725.80078125,22727.099609375,22717.19921875,22721.150390625
2026-09-29 11:35:00,22721.599609375,22723.69921875,22711.099609375,22714.69921875
2026-09-29 11:36:00,22714.55078125,22718.69921875,22713.150390625,22715.5
2026-09-29 11:37:00,22715.650390625,22716.25,22704.349609375,22712.75
2026-09-29 11:38:00,22712.599609375,22712.599609375,22701.849609375,22708.5
2026-09-29 11:39:00,22708.19921875,22720.599609375,22708.0,22718.69921875
2026-09-29 11:40:00,22718.650390625,22733.849609375,22718.55078125,22724.849609375
2026-09-29 11:41:00,22725.099609375,22726.849609375,22721.25,22724.400390625
2026-09-29 11:42:00,22724.400390625,22726.650390625,22721.099609375,22721.94921875
2026-09-29 11:43:00,22721.900390625,22722.599609375,22709.849609375,22711.349609375
2026-09-29 11:44:00,22711.400390625,22724.849609375,22710.75,22719.75
2026-09-29 11:45:00,22719.849609375,22722.900390625,22715.69921875,22716.19921875
2026-09-29 11:46:00,22716.30078125,22718.849609375,22713.69921875,22713.94921875
2026-09-29 11:47:00,22713.80078125,22715.0,22707.05078125,22714.55078125
2026-09-29 11:48:00,22714.55078125,22718.69921875,22711.400390625,22715.900390625
2026-09-29 11:49:00,22716.0,22725.599609375,22714.30078125,22721.05078125
2026-09-29 11:50:00,22720.849609375,22721.94921875,22713.849609375,22714.44921875
2026-09-29 11:51:00,22714.44921875,22724.349609375,22712.80078125,22722.75
2026-09-29 11:52:00,22722.75,22725.0,22717.599609375,22724.25
2026-09-29 11:53:00,22724.19921875,22726.94921875,22716.19921875,22717.5
2026-09-29 11:54:00,22717.69921875,22719.900390625,22714.849609375,22714.849609375
2026-09-29 11:55:00,22714.849609375,22723.099609375,22714.5,22719.849609375
2026-09-29 11:56:00,22720.099609375,22725.80078125,22718.69921875,22719.900390625
2026-09-29 11:57:00,22720.150390625,22723.650390625,22719.349609375,22722.44921875
2026-09-29 11:58:00,22722.5,22726.900390625,22721.400390625,22723.19921875
2026-09-29 11:59:00,22723.30078125,22728.900390625,22722.25,22728.349609375
2026-09-29 12:00:00,22728.349609375,22733.44921875,22726.30078125,22732.44921875
2026-09-29 12:01:00,22732.80078125,22746.94921875,22732.5,22736.94921875
2026-09-29 12:02:00,22736.849609375,22737.400390625,22731.55078125,22735.69921875
2026-09-29 12:03:00,22735.849609375,22745.099609375,22735.5,22744.19921875
2026-09-29 12:04:00,22744.150390625,22744.94921875,22737.94921875,22742.55078125
2026-09-29 12:05:00,22742.650390625,22747.900390625,22741.69921875,22746.0
2026-09-29 12:06:00,22745.900390625,22750.30078125,22745.05078125,22745.44921875
2026-09-29 12:07:00,22745.400390625,22753.150390625,22745.0,22750.19921875
2026-09-29 12:08:00,22750.25,22750.900390625,22746.349609375,22749.349609375
2026-09-29 12:09:00,22749.19921875,22749.900390625,22737.94921875,22741.69921875
2026-09-29 12:10:00,22741.849609375,22746.5,22740.44921875,22743.94921875
2026-09-29 12:11:00,22743.650390625,22747.150390625,22740.400390625,22740.94921875
2026-09-29 12:12:00,22740.94921875,22743.849609375,22735.5,22742.150390625
2026-09-29 12:13:00,22742.25,22745.150390625,22741.5,22742.69921875
2026-09-29 12:14:00,22742.900390625,22746.099609375,22740.349609375,22742.05078125
2026-09-29 12:15:00,22741.900390625,22743.80078125,22734.099609375,22739.19921875
2026-09-29 12:16:00,22739.0,22741.05078125,22734.19921875,22738.599609375
2026-09-29 12:17:00,22738.55078125,22738.55078125,22732.55078125,22736.5
2026-09-29 12:18:00,22736.650390625,22736.80078125,22728.25,22731.80078125
2026-09-29 12:19:00,22732.099609375,22734.19921875,22729.0,22729.349609375
2026-09-29 12:20:00,22729.400390625,22733.0,22719.05078125,22724.05078125
2026-09-29 12:21:00,22724.0,22725.30078125,22717.69921875,22718.94921875
2026-09-29 12:22:00,22718.5,22719.69921875,22712.75,22719.30078125
2026-09-29 12:23:00,22719.30078125,22721.849609375,22717.44921875,22720.44921875
2026-09-29 12:24:00,22720.30078125,22721.05078125,22708.55078125,22712.650390625
2026-09-29 12:25:00,22712.599609375,22713.75,22706.30078125,22707.75
2026-09-29 12:26:00,22707.349609375,22709.150390625,22699.400390625,22700.80078125
2026-09-29 12:27:00,22700.650390625,22702.150390625,22675.25,22682.94921875
2026-09-29 12:28:00,22683.0,22683.900390625,22672.75,22678.05078125
2026-09-29 12:29:00,22678.150390625,22683.30078125,22676.0,22677.400390625
2026-09-29 12:30:00,22677.30078125,22679.0,22654.099609375,22661.5
2026-09-29 12:31:00,22661.75,22664.30078125,22647.05078125,22652.849609375
2026-09-29 12:32:00,22652.849609375,22654.30078125,22627.5,22631.5
2026-09-29 12:33:00,22631.650390625,22639.05078125,22628.69921875,22635.150390625
2026-09-29 12:34:00,22635.099609375,22651.80078125,22635.099609375,22650.0
2026-09-29 12:35:00,22649.849609375,22662.44921875,22649.5,22658.44921875
2026-09-29 12:36:00,22658.349609375,22668.05078125,22653.75,22666.55078125
2026-09-29 12:37:00,22666.55078125,22671.94921875,22664.94921875,22664.94921875
2026-09-29 12:38:00,22664.94921875,22666.75,22658.05078125,22664.55078125
2026-09-29 12:39:00,22664.650390625,22674.80078125,22661.150390625,22672.75
2026-09-29 12:40:00,22672.650390625,22680.19921875,22672.349609375,22674.80078125
2026-09-29 12:41:00,22675.69921875,22698.0,22672.30078125,22693.75
2026-09-29 12:42:00,22694.05078125,22694.05078125,22683.75,22683.75
2026-09-29 12:43:00,22683.650390625,22685.150390625,22677.099609375,22677.150390625
2026-09-29 12:44:00,22677.150390625,22677.44921875,22664.55078125,22669.099609375
2026-09-29 12:45:00,22669.099609375,22674.05078125,22666.400390625,22667.80078125
2026-09-29 12:46:00,22667.44921875,22670.19921875,22660.75,22662.099609375
2026-09-29 12:47:00,22662.099609375,22668.94921875,22656.599609375,22666.44921875
2026-09-29 12:48:00,22666.44921875,22675.5,22665.75,22673.94921875
2026-09-29 12:49:00,22674.150390625,22678.099609375,22669.5,22671.150390625
2026-09-29 12:50:00,22670.44921875,22676.400390625,22668.80078125,22674.25
2026-09-29 12:51:00,22674.0,22677.75,22666.55078125,22670.150390625
2026-09-29 12:52:00,22669.849609375,22678.0,22669.150390625,22674.19921875
2026-09-29 12:53:00,22674.099609375,22680.80078125,22672.849609375,22680.19921875
2026-09-29 12:54:00,22679.75,22684.44921875,22676.30078125,22678.599609375
2026-09-29 12:55:00,22678.5,22686.05078125,22674.44921875,22684.05078125
2026-09-29 12:56:00,22684.099609375,22695.349609375,22682.80078125,22693.849609375
2026-09-29 12:57:00,22693.900390625,22705.0,22691.150390625,22698.0
2026-09-29 12:58:00,22697.05078125,22698.650390625,22685.75,22688.900390625
2026-09-29 12:59:00,22688.849609375,22689.900390625,22685.94921875,22688.099609375
2026-09-29 13:00:00,22687.650390625,22690.849609375,22685.150390625,22689.69921875
2026-09-29 13:01:00,22689.75,22690.099609375,22680.650390625,22682.900390625
2026-09-29 13:02:00,22682.69921875,22687.25,22679.849609375,22680.400390625
2026-09-29 13:03:00,22680.94921875,22687.400390625,22676.5,22682.55078125
2026-09-29 13:04:00,22682.44921875,22683.69921875,22677.44921875,22678.099609375
2026-09-29 13:05:00,22678.349609375,22679.349609375,22674.19921875,22677.44921875
2026-09-29 13:06:00,22677.75,22678.75,22673.55078125,22676.099609375
2026-09-29 13:07:00,22676.05078125,22680.19921875,22674.849609375,22679.0
2026-09-29 13:08:00,22678.94921875,22684.349609375,22678.099609375,22681.349609375
2026-09-29 13:09:00,22681.44921875,22703.19921875,22681.349609375,22699.25
2026-09-29 13:10:00,22699.25,22699.75,22686.150390625,22691.599609375
2026-09-29 13:11:00,22691.650390625,22692.0,22683.5,22685.599609375
2026-09-29 13:12:00,22685.599609375,22686.650390625,22679.0,22683.19921875
2026-09-29 13:13:00,22683.69921875,22687.599609375,22680.75,22682.599609375
2026-09-29 13:14:00,22682.55078125,22685.44921875,22674.75,22682.25
2026-09-29 13:15:00,22681.900390625,22683.650390625,22673.0,22675.150390625
2026-09-29 13:16:00,22675.05078125,22678.69921875,22673.75,22675.900390625
2026-09-29 13:17:00,22675.80078125,22687.44921875,22675.80078125,22682.25
2026-09-29 13:18:00,22682.55078125,22684.5,22681.05078125,22683.400390625
2026-09-29 13:19:00,22683.400390625,22683.400390625,22669.900390625,22671.150390625
2026-09-29 13:20:00,22670.55078125,22671.80078125,22659.30078125,22660.80078125
2026-09-29 13:21:00,22660.900390625,22667.75,22659.400390625,22667.0
2026-09-29 13:22:00,22667.5,22667.900390625,22658.75,22658.75
2026-09-29 13:23:00,22659.400390625,22661.400390625,22654.30078125,22656.0
2026-09-29 13:24:00,22656.05078125,22662.19921875,22654.5,22657.69921875
2026-09-29 13:25:00,22657.349609375,22667.099609375,22657.0,22666.0
2026-09-29 13:26:00,22666.0,22668.44921875,22659.55078125,22661.0
2026-09-29 13:27:00,22660.900390625,22663.94921875,22657.5,22658.099609375
2026-09-29 13:28:00,22658.05078125,22662.150390625,22650.400390625,22659.94921875
2026-09-29 13:29:00,22659.94921875,22661.900390625,22654.5,22658.150390625
2026-09-29 13:30:00,22658.30078125,22660.19921875,22652.0,22659.849609375
2026-09-29 13:31:00,22659.849609375,22663.0,22656.900390625,22662.5
2026-09-29 13:32:00,22662.849609375,22668.55078125,22659.5,22662.599609375
2026-09-29 13:33:00,22662.599609375,22662.599609375,22654.30078125,22658.25
2026-09-29 13:34:00,22658.25,22660.75,22654.650390625,22655.19921875
2026-09-29 13:35:00,22655.25,22656.94921875,22651.44921875,22651.900390625
2026-09-29 13:36:00,22651.650390625,22653.69921875,22643.30078125,22645.0
2026-09-29 13:37:00,22645.150390625,22646.75,22640.05078125,22645.25
2026-09-29 13:38:00,22645.30078125,22646.75,22629.69921875,22632.69921875
2026-09-29 13:39:00,22632.30078125,22640.19921875,22629.099609375,22635.5
2026-09-29 13:40:00,22635.5,22638.75,22629.94921875,22634.900390625
2026-09-29 13:41:00,22634.900390625,22643.599609375,22634.400390625,22638.400390625
2026-09-29 13:42:00,22638.30078125,22644.05078125,22636.400390625,22636.69921875
2026-09-29 13:43:00,22636.900390625,22644.05078125,22632.44921875,22642.05078125
2026-09-29 13:44:00,22642.05078125,22644.849609375,22639.849609375,22642.599609375
2026-09-29 13:45:00,22642.849609375,22654.400390625,22641.19921875,22652.55078125
2026-09-29 13:46:00,22652.75,22656.400390625,22651.05078125,22653.099609375
2026-09-29 13:47:00,22653.25,22660.19921875,22649.94921875,22657.849609375
2026-09-29 13:48:00,22657.900390625,22659.30078125,22651.5,22655.05078125
2026-09-29 13:49:00,22655.05078125,22659.849609375,22653.94921875,22655.75
2026-09-29 13:50:00,22655.80078125,22663.599609375,22654.75,22662.25
2026-09-29 13:51:00,22662.150390625,22673.55078125,22662.0,22672.0
2026-09-29 13:52:00,22672.0,22675.55078125,22667.599609375,22669.0
2026-09-29 13:53:00,22669.099609375,22671.599609375,22663.80078125,22664.650390625
2026-09-29 13:54:00,22664.94921875,22666.55078125,22661.94921875,22663.80078125
2026-09-29 13:55:00,22664.44921875,22665.599609375,22658.150390625,22660.30078125
2026-09-29 13:56:00,22658.94921875,22668.349609375,22658.150390625,22666.599609375
2026-09-29 13:57:00,22666.599609375,22670.55078125,22661.75,22664.849609375
2026-09-29 13:58:00,22664.599609375,22668.05078125,22660.0,22665.75
2026-09-29 13:59:00,22665.900390625,22667.30078125,22661.55078125,22662.900390625
2026-09-29 14:00:00,22662.94921875,22668.150390625,22653.349609375,22654.75
2026-09-29 14:01:00,22654.75,22660.849609375,22652.849609375,22657.55078125
2026-09-29 14:02:00,22657.80078125,22660.400390625,22652.150390625,22655.55078125
2026-09-29 14:03:00,22655.80078125,22656.69921875,22647.30078125,22650.69921875
2026-09-29 14:04:00,22650.75,22653.05078125,22646.80078125,22647.75
2026-09-29 14:05:00,22647.75,22664.650390625,22645.80078125,22661.849609375
2026-09-29 14:06:00,22661.75,22662.849609375,22656.44921875,22659.349609375
2026-09-29 14:07:00,22659.44921875,22662.44921875,22651.400390625,22654.5
2026-09-29 14:08:00,22654.5,22659.849609375,22652.400390625,22657.650390625
2026-09-29 14:09:00,22657.650390625,22672.5,22656.400390625,22670.80078125
2026-09-29 14:10:00,22670.80078125,22684.150390625,22670.25,22671.900390625
2026-09-29 14:11:00,22672.099609375,22674.849609375,22667.5,22672.55078125
2026-09-29 14:12:00,22672.55078125,22675.0,22662.650390625,22668.19921875
2026-09-29 14:13:00,22668.19921875,22677.30078125,22667.55078125,22675.80078125
2026-09-29 14:14:00,22675.80078125,22680.30078125,22670.05078125,22671.55078125
2026-09-29 14:15:00,22672.0,22674.80078125,22662.849609375,22672.400390625
2026-09-29 14:16:00,22672.94921875,22677.0,22666.349609375,22666.900390625
2026-09-29 14:17:00,22667.05078125,22677.599609375,22666.69921875,22676.0
2026-09-29 14:18:00,22675.80078125,22684.400390625,22675.099609375,22680.849609375
2026-09-29 14:19:00,22681.0,22681.80078125,22674.0,22674.05078125
2026-09-29 14:20:00,22674.05078125,22676.900390625,22672.30078125,22674.69921875
2026-09-29 14:21:00,22674.69921875,22677.849609375,22673.400390625,22674.80078125
2026-09-29 14:22:00,22674.80078125,22676.5,22666.650390625,22667.44921875
2026-09-29 14:23:00,22666.94921875,22668.349609375,22658.80078125,22661.099609375
2026-09-29 14:24:00,22661.650390625,22666.900390625,22659.75,22660.5
2026-09-29 14:25:00,22660.19921875,22671.80078125,22659.599609375,22670.55078125
2026-09-29 14:26:00,22670.400390625,22674.25,22667.150390625,22668.69921875
2026-09-29 14:27:00,22668.69921875,22670.05078125,22659.900390625,22660.75
2026-09-29 14:28:00,22660.80078125,22666.25,22654.150390625,22665.25
2026-09-29 14:29:00,22664.80078125,22668.400390625,22663.599609375,22666.69921875
2026-09-29 14:30:00,22666.75,22685.94921875,22665.849609375,22685.599609375
2026-09-29 14:31:00,22685.650390625,22696.0,22685.0,22690.099609375
2026-09-29 14:32:00,22690.650390625,22693.849609375,22687.150390625,22688.099609375
2026-09-29 14:33:00,22688.25,22688.25,22666.55078125,22667.099609375
2026-09-29 14:34:00,22667.349609375,22674.30078125,22665.94921875,22670.0
2026-09-29 14:35:00,22670.0,22681.599609375,22669.099609375,22679.69921875
2026-09-29 14:36:00,22679.900390625,22683.0,22677.400390625,22680.099609375
2026-09-29 14:37:00,22680.19921875,22681.400390625,22675.75,22676.400390625
2026-09-29 14:38:00,22677.150390625,22681.400390625,22675.25,22677.650390625
2026-09-29 14:39:00,22677.80078125,22684.25,22677.75,22679.44921875
2026-09-29 14:40:00,22679.80078125,22680.55078125,22676.69921875,22680.05078125
2026-09-29 14:41:00,22680.19921875,22685.5,22676.900390625,22681.099609375
2026-09-29 14:42:00,22680.599609375,22682.099609375,22669.19921875,22674.5
2026-09-29 14:43:00,22673.75,22680.900390625,22671.44921875,22674.849609375
2026-09-29 14:44:00,22674.69921875,22676.349609375,22671.94921875,22673.25
2026-09-29 14:45:00,22673.150390625,22673.349609375,22662.349609375,22671.400390625
2026-09-29 14:46:00,22671.44921875,22672.400390625,22666.599609375,22670.30078125
2026-09-29 14:47:00,22670.650390625,22673.400390625,22668.599609375,22670.0
2026-09-29 14:48:00,22670.5,22675.099609375,22669.25,22673.55078125
2026-09-29 14:49:00,22673.849609375,22677.30078125,22671.150390625,22672.349609375
2026-09-29 14:50:00,22672.150390625,22675.150390625,22667.30078125,22672.5
2026-09-29 14:51:00,22672.55078125,22680.0,22671.5,22677.55078125
2026-09-29 14:52:00,22677.650390625,22685.349609375,22675.650390625,22683.150390625
2026-09-29 14:53:00,22683.650390625,22688.0,22682.69921875,22683.900390625
2026-09-29 14:54:00,22684.150390625,22689.25,22682.400390625,22686.25
2026-09-29 14:55:00,22686.849609375,22691.650390625,22685.44921875,22688.75
2026-09-29 14:56:00,22688.650390625,22692.5,22684.349609375,22684.849609375
2026-09-29 14:57:00,22685.0,22685.94921875,22679.80078125,22681.30078125
2026-09-29 14:58:00,22681.44921875,22682.400390625,22675.69921875,22676.19921875
2026-09-29 14:59:00,22676.5,22680.150390625,22671.900390625,22673.900390625
2026-09-29 15:00:00,22673.25,22680.0,22666.650390625,22676.30078125
2026-09-29 15:01:00,22675.19921875,22677.349609375,22664.30078125,22664.80078125
2026-09-29 15:02:00,22664.099609375,22667.099609375,22661.400390625,22664.900390625
2026-09-29 15:03:00,22664.349609375,22670.150390625,22662.19921875,22664.94921875
2026-09-29 15:04:00,22663.69921875,22667.599609375,22661.650390625,22664.400390625
2026-09-29 15:05:00,22663.349609375,22679.400390625,22662.94921875,22677.94921875
2026-09-29 15:06:00,22676.150390625,22687.599609375,22675.75,22686.599609375
2026-09-29 15:07:00,22687.099609375,22687.80078125,22681.0,22684.650390625
2026-09-29 15:08:00,22684.900390625,22690.5,22681.400390625,22684.19921875
2026-09-29 15:09:00,22684.400390625,22693.0,22679.599609375,22689.80078125
2026-09-29 15:10:00,22690.25,22706.099609375,22689.0,22703.19921875
2026-09-29 15:11:00,22703.05078125,22703.69921875,22696.650390625,22702.25
2026-09-29 15:12:00,22701.349609375,22703.80078125,22689.25,22694.349609375
2026-09-29 15:13:00,22694.400390625,22695.80078125,22689.150390625,22692.5
2026-09-29 15:14:00,22694.19921875,22694.19921875,22678.599609375,22680.900390625
2026-09-29 15:15:00,22683.75,22683.75,22683.75,22683.75
2026-09-29 15:16:00,22683.75,22683.75,22683.75,22683.75
2026-09-29 15:17:00,22683.75,22683.75,22683.75,22683.75
2026-09-29 15:18:00,22683.75,22683.75,22683.75,22683.75
2026-09-29 15:19:00,22683.75,22683.75,22683.75,22683.75
2026-09-29 15:20:00,22683.75,22683.75,22683.75,22683.75
2026-09-29 15:21:00,22683.75,22683.75,22683.75,22683.75
2026-09-29 15:22:00,22683.75,22683.75,22683.75,22683.75
2026-09-29 15:23:00,22683.75,22683.75,22683.75,22683.75
2026-09-29 15:24:00,22683.75,22683.75,22683.75,22683.75
2026-09-29 15:25:00,22683.75,22683.75,22683.75,22683.75
2026-09-29 15:26:00,22683.75,22683.75,22683.75,22683.75
2026-09-29 15:27:00,22683.75,22683.75,22683.75,22683.75
2026-09-29 15:28:00,22683.75,22683.75,22683.75,22683.75
2026-09-29 15:29:00,22683.75,22716.19921875,22683.75,22716.19921875
2026-09-30 09:15:00,22664.94921875,22718.400390625,22660.599609375,22667.75
2026-09-30 09:16:00,22668.650390625,22682.5,22662.69921875,22676.19921875
2026-09-30 09:17:00,22676.599609375,22685.650390625,22672.349609375,22683.05078125
2026-09-30 09:18:00,22684.0,22698.400390625,22680.30078125,22688.44921875
2026-09-30 09:19:00,22689.19921875,22706.400390625,22686.900390625,22702.69921875
2026-09-30 09:20:00,22702.849609375,22722.80078125,22701.25,22720.349609375
2026-09-30 09:21:00,22720.0,22728.55078125,22713.94921875,22718.099609375
2026-09-30 09:22:00,22718.400390625,22719.599609375,22697.19921875,22697.30078125
2026-09-30 09:23:00,22697.849609375,22724.55078125,22697.80078125,22721.75
2026-09-30 09:24:00,22721.0,22733.349609375,22720.349609375,22727.94921875
2026-09-30 09:25:00,22727.80078125,22730.849609375,22714.849609375,22714.900390625
2026-09-30 09:26:00,22715.55078125,22734.44921875,22714.44921875,22733.05078125
2026-09-30 09:27:00,22733.099609375,22736.44921875,22727.05078125,22732.099609375
2026-09-30 09:28:00,22732.19921875,22736.19921875,22729.150390625,22729.349609375
2026-09-30 09:29:00,22729.44921875,22731.650390625,22721.599609375,22721.650390625
2026-09-30 09:30:00,22720.400390625,22720.400390625,22698.650390625,22699.75
2026-09-30 09:31:00,22699.80078125,22703.25,22690.900390625,22696.150390625
2026-09-30 09:32:00,22696.05078125,22703.30078125,22694.55078125,22698.75
2026-09-30 09:33:00,22699.150390625,22699.5,22681.150390625,22683.19921875
2026-09-30 09:34:00,22682.900390625,22692.05078125,22682.599609375,22690.0
2026-09-30 09:35:00,22690.05078125,22705.150390625,22689.30078125,22700.900390625
2026-09-30 09:36:00,22700.80078125,22704.25,22687.0,22688.5
2026-09-30 09:37:00,22688.599609375,22697.94921875,22686.69921875,22694.44921875
2026-09-30 09:38:00,22694.849609375,22698.05078125,22691.19921875,22693.19921875
2026-09-30 09:39:00,22693.30078125,22697.19921875,22688.0,22688.0
2026-09-30 09:40:00,22687.900390625,22694.19921875,22685.150390625,22686.69921875
2026-09-30 09:41:00,22686.849609375,22698.80078125,22686.650390625,22696.849609375
2026-09-30 09:42:00,22697.0,22708.30078125,22696.349609375,22706.0
2026-09-30 09:43:00,22706.0,22714.75,22706.0,22709.69921875
2026-09-30 09:44:00,22709.650390625,22715.400390625,22706.849609375,22715.150390625
2026-09-30 09:45:00,22714.94921875,22729.150390625,22714.94921875,22727.150390625
2026-09-30 09:46:00,22727.349609375,22729.150390625,22719.94921875,22721.849609375
2026-09-30 09:47:00,22722.099609375,22723.19921875,22707.55078125,22708.44921875
2026-09-30 09:48:00,22708.19921875,22715.69921875,22704.55078125,22711.94921875
2026-09-30 09:49:00,22711.849609375,22712.0,22701.69921875,22702.099609375
2026-09-30 09:50:00,22702.30078125,22707.150390625,22701.599609375,22705.599609375
2026-09-30 09:51:00,22705.900390625,22706.900390625,22701.099609375,22702.55078125
2026-09-30 09:52:00,22702.5,22703.5,22692.099609375,22692.80078125
2026-09-30 09:53:00,22693.0,22711.150390625,22689.099609375,22710.05078125
2026-09-30 09:54:00,22709.94921875,22720.5,22708.94921875,22719.650390625
2026-09-30 09:55:00,22719.55078125,22729.599609375,22719.150390625,22719.349609375
2026-09-30 09:56:00,22719.0,22728.80078125,22719.0,22727.150390625
2026-09-30 09:57:00,22726.44921875,22727.44921875,22719.30078125,22724.099609375
2026-09-30 09:58:00,22724.05078125,22733.150390625,22723.19921875,22732.19921875
2026-09-30 09:59:00,22732.25,22735.349609375,22722.30078125,22722.30078125
2026-09-30 10:00:00,22722.25,22724.55078125,22716.650390625,22722.099609375
2026-09-30 10:01:00,22722.150390625,22724.099609375,22719.599609375,22723.05078125
2026-09-30 10:02:00,22723.69921875,22727.349609375,22723.44921875,22725.849609375
2026-09-30 10:03:00,22725.44921875,22731.599609375,22723.75,22724.150390625
2026-09-30 10:04:00,22724.150390625,22733.900390625,22723.849609375,22730.099609375
2026-09-30 10:05:00,22730.0,22743.400390625,22729.30078125,22742.80078125
2026-09-30 10:06:00,22742.900390625,22746.80078125,22738.44921875,22738.94921875
2026-09-30 10:07:00,22739.150390625,22741.5,22735.75,22740.55078125
2026-09-30 10:08:00,22740.599609375,22743.19921875,22734.099609375,22735.099609375
2026-09-30 10:09:00,22734.650390625,22741.849609375,22734.599609375,22739.0
2026-09-30 10:10:00,22739.099609375,22744.44921875,22738.55078125,22743.75
2026-09-30 10:11:00,22744.05078125,22749.400390625,22742.44921875,22742.80078125
2026-09-30 10:12:00,22742.75,22747.5,22742.55078125,22745.69921875
2026-09-30 10:13:00,22746.05078125,22748.75,22744.900390625,22745.849609375
2026-09-30 10:14:00,22745.94921875,22755.75,22745.55078125,22755.19921875
2026-09-30 10:15:00,22754.80078125,22758.849609375,22753.099609375,22753.5
2026-09-30 10:16:00,22753.55078125,22761.650390625,22753.0,22756.599609375
2026-09-30 10:17:00,22757.150390625,22760.55078125,22754.099609375,22755.150390625
2026-09-30 10:18:00,22755.150390625,22759.349609375,22754.5,22758.099609375
2026-09-30 10:19:00,22757.5,22759.650390625,22753.599609375,22757.94921875
2026-09-30 10:20:00,22757.849609375,22765.0,22757.349609375,22763.94921875
2026-09-30 10:21:00,22764.25,22769.400390625,22764.099609375,22767.30078125
2026-09-30 10:22:00,22767.400390625,22767.849609375,22762.75,22766.400390625
2026-09-30 10:23:00,22766.349609375,22771.80078125,22761.05078125,22761.69921875
2026-09-30 10:24:00,22762.099609375,22762.099609375,22757.099609375,22759.25
2026-09-30 10:25:00,22759.30078125,22762.150390625,22755.94921875,22760.400390625
2026-09-30 10:26:00,22760.19921875,22766.5,22759.0,22766.30078125
2026-09-30 10:27:00,22765.75,22770.69921875,22760.0,22760.849609375
2026-09-30 10:28:00,22760.650390625,22764.150390625,22759.25,22763.05078125
2026-09-30 10:29:00,22762.900390625,22763.599609375,22757.150390625,22758.099609375
2026-09-30 10:30:00,22757.25,22757.69921875,22746.599609375,22747.5
2026-09-30 10:31:00,22747.75,22752.30078125,22743.05078125,22743.05078125
2026-09-30 10:32:00,22743.099609375,22743.099609375,22734.44921875,22735.599609375
2026-09-30 10:33:00,22735.80078125,22737.400390625,22718.94921875,22719.0
2026-09-30 10:34:00,22718.75,22722.75,22708.55078125,22713.80078125
2026-09-30 10:35:00,22714.150390625,22714.150390625,22702.05078125,22706.25
2026-09-30 10:36:00,22705.75,22716.900390625,22704.849609375,22712.05078125
2026-09-30 10:37:00,22712.0,22713.25,22704.44921875,22713.05078125
2026-09-30 10:38:00,22713.05078125,22724.55078125,22710.650390625,22722.94921875
2026-09-30 10:39:00,22722.94921875,22724.5,22719.0,22723.75
2026-09-30 10:40:00,22723.849609375,22729.05078125,22717.400390625,22718.05078125
2026-09-30 10:41:00,22717.75,22718.099609375,22706.900390625,22707.75
2026-09-30 10:42:00,22707.69921875,22710.900390625,22706.150390625,22709.650390625
2026-09-30 10:43:00,22709.599609375,22714.349609375,22706.44921875,22706.900390625
2026-09-30 10:44:00,22706.94921875,22707.150390625,22698.099609375,22702.75
2026-09-30 10:45:00,22702.94921875,22705.599609375,22700.650390625,22702.69921875
2026-09-30 10:46:00,22702.650390625,22703.099609375,22698.349609375,22698.900390625
2026-09-30 10:47:00,22698.900390625,22704.80078125,22697.25,22704.30078125
2026-09-30 10:48:00,22704.30078125,22711.19921875,22703.44921875,22705.099609375
2026-09-30 10:49:00,22705.05078125,22709.400390625,22701.0,22708.650390625
2026-09-30 10:50:00,22708.69921875,22711.5,22706.75,22707.80078125
2026-09-30 10:51:00,22707.849609375,22718.900390625,22707.849609375,22716.650390625
2026-09-30 10:52:00,22716.55078125,22718.599609375,22708.400390625,22709.80078125
2026-09-30 10:53:00,22709.75,22715.19921875,22709.25,22713.650390625
2026-09-30 10:54:00,22713.80078125,22716.900390625,22711.849609375,22713.349609375
2026-09-30 10:55:00,22713.349609375,22715.30078125,22708.0,22709.19921875
2026-09-30 10:56:00,22709.150390625,22709.349609375,22701.900390625,22701.900390625
2026-09-30 10:57:00,22702.0,22702.25,22694.55078125,22695.150390625
2026-09-30 10:58:00,22695.400390625,22700.099609375,22694.0,22694.69921875
2026-09-30 10:59:00,22694.400390625,22695.80078125,22685.650390625,22687.900390625
2026-09-30 11:00:00,22687.94921875,22702.19921875,22686.30078125,22701.55078125
2026-09-30 11:01:00,22701.5,22717.94921875,22700.80078125,22717.19921875
2026-09-30 11:02:00,22717.55078125,22729.94921875,22717.0,22726.5
2026-09-30 11:03:00,22726.400390625,22726.849609375,22722.19921875,22724.099609375
2026-09-30 11:04:00,22723.94921875,22725.94921875,22721.05078125,22723.55078125
2026-09-30 11:05:00,22723.55078125,22724.30078125,22717.25,22718.349609375
2026-09-30 11:06:00,22718.19921875,22721.900390625,22716.650390625,22716.849609375
2026-09-30 11:07:00,22716.900390625,22723.849609375,22715.349609375,22715.650390625
2026-09-30 11:08:00,22715.75,22721.94921875,22715.5,22717.599609375
2026-09-30 11:09:00,22717.599609375,22720.94921875,22707.19921875,22709.55078125
2026-09-30 11:10:00,22709.849609375,22713.94921875,22709.849609375,22712.19921875
2026-09-30 11:11:00,22711.80078125,22713.25,22701.25,22703.849609375
2026-09-30 11:12:00,22703.650390625,22705.44921875,22700.599609375,22701.69921875
2026-09-30 11:13:00,22701.599609375,22703.599609375,22694.5,22694.900390625
2026-09-30 11:14:00,22694.75,22696.19921875,22689.30078125,22689.44921875
2026-09-30 11:15:00,22689.5,22690.650390625,22670.599609375,22673.69921875
2026-09-30 11:16:00,22674.19921875,22678.0,22670.80078125,22673.0
2026-09-30 11:17:00,22672.849609375,22673.05078125,22667.099609375,22667.30078125
2026-09-30 11:18:00,22667.30078125,22679.400390625,22666.05078125,22677.5
2026-09-30 11:19:00,22677.650390625,22685.900390625,22677.650390625,22680.349609375
2026-09-30 11:20:00,22680.5,22686.25,22679.69921875,22685.150390625
2026-09-30 11:21:00,22685.19921875,22688.0,22677.150390625,22677.69921875
2026-09-30 11:22:00,22677.25,22686.099609375,22677.25,22679.05078125
2026-09-30 11:23:00,22678.75,22683.349609375,22677.94921875,22679.599609375
2026-09-30 11:24:00,22680.5,22683.19921875,22678.94921875,22680.650390625
2026-09-30 11:25:00,22681.05078125,22686.69921875,22680.69921875,22685.25
2026-09-30 11:26:00,22685.650390625,22688.650390625,22681.25,22685.650390625
2026-09-30 11:27:00,22685.400390625,22693.19921875,22685.150390625,22690.75
2026-09-30 11:28:00,22690.5,22702.55078125,22690.19921875,22701.5
2026-09-30 11:29:00,22701.400390625,22706.75,22698.900390625,22700.349609375
2026-09-30 11:30:00,22700.0,22709.80078125,22694.69921875,22708.0
2026-09-30 11:31:00,22707.900390625,22710.80078125,22702.400390625,22706.150390625
2026-09-30 11:32:00,22705.5,22709.900390625,22704.44921875,22708.0
2026-09-30 11:33:00,22708.0,22711.5,22702.80078125,22705.44921875
2026-09-30 11:34:00,22705.25,22711.44921875,22705.25,22711.150390625
2026-09-30 11:35:00,22710.900390625,22719.0,22710.099609375,22713.80078125
2026-09-30 11:36:00,22714.099609375,22714.849609375,22711.150390625,22712.25
2026-09-30 11:37:00,22712.44921875,22717.25,22711.30078125,22716.80078125
2026-09-30 11:38:00,22716.75,22721.5,22716.099609375,22716.5
2026-09-30 11:39:00,22716.349609375,22717.400390625,22702.849609375,22704.0
2026-09-30 11:40:00,22704.30078125,22706.650390625,22699.400390625,22703.099609375
2026-09-30 11:41:00,22703.099609375,22704.099609375,22698.30078125,22699.900390625
2026-09-30 11:42:00,22699.849609375,22709.849609375,22698.69921875,22706.599609375
2026-09-30 11:43:00,22706.599609375,22713.099609375,22705.400390625,22710.30078125
2026-09-30 11:44:00,22710.349609375,22711.400390625,22706.5,22707.849609375
2026-09-30 11:45:00,22707.849609375,22709.30078125,22704.69921875,22705.69921875
2026-09-30 11:46:00,22704.80078125,22709.400390625,22704.5,22709.349609375
2026-09-30 11:47:00,22709.25,22715.30078125,22708.400390625,22714.400390625
2026-09-30 11:48:00,22714.5,22718.05078125,22712.30078125,22715.150390625
2026-09-30 11:49:00,22715.05078125,22718.400390625,22712.55078125,22716.75
2026-09-30 11:50:00,22716.650390625,22720.05078125,22715.650390625,22718.25
2026-09-30 11:51:00,22717.900390625,22718.849609375,22715.150390625,22716.25
2026-09-30 11:52:00,22716.25,22718.44921875,22714.30078125,22715.55078125
2026-09-30 11:53:00,22715.75,22717.69921875,22712.30078125,22716.099609375
2026-09-30 11:54:00,22716.25,22718.44921875,22712.650390625,22716.75
2026-09-30 11:55:00,22716.5,22722.650390625,22715.05078125,22722.099609375
2026-09-30 11:56:00,22722.099609375,22730.599609375,22721.69921875,22729.849609375
2026-09-30 11:57:00,22729.80078125,22732.650390625,22728.099609375,22728.099609375
2026-09-30 11:58:00,22728.099609375,22732.650390625,22725.0,22729.69921875
2026-09-30 11:59:00,22729.69921875,22740.25,22729.349609375,22737.0
2026-09-30 12:00:00,22737.099609375,22743.849609375,22735.25,22740.55078125
2026-09-30 12:01:00,22740.55078125,22744.349609375,22740.05078125,22742.25
2026-09-30 12:02:00,22742.19921875,22744.75,22739.5,22743.80078125
2026-09-30 12:03:00,22743.19921875,22748.30078125,22743.19921875,22747.599609375
2026-09-30 12:04:00,22747.44921875,22747.44921875,22741.55078125,22741.55078125
2026-09-30 12:05:00,22741.650390625,22742.19921875,22732.099609375,22733.349609375
2026-09-30 12:06:00,22732.75,22735.69921875,22731.349609375,22735.0
2026-09-30 12:07:00,22735.05078125,22736.0,22732.150390625,22734.69921875
2026-09-30 12:08:00,22734.75,22742.349609375,22734.05078125,22739.94921875
2026-09-30 12:09:00,22739.599609375,22743.599609375,22738.80078125,22741.55078125
2026-09-30 12:10:00,22741.44921875,22745.19921875,22740.5,22743.44921875
2026-09-30 12:11:00,22743.150390625,22743.150390625,22717.75,22719.849609375
2026-09-30 12:12:00,22719.599609375,22730.69921875,22713.44921875,22728.900390625
2026-09-30 12:13:00,22729.150390625,22730.44921875,22722.25,22725.349609375
2026-09-30 12:14:00,22725.349609375,22726.19921875,22719.849609375,22721.400390625
2026-09-30 12:15:00,22721.19921875,22721.19921875,22711.05078125,22712.25
2026-09-30 12:16:00,22712.599609375,22719.349609375,22707.55078125,22719.349609375
2026-09-30 12:17:00,22719.5,22722.05078125,22718.150390625,22718.94921875
2026-09-30 12:18:00,22718.94921875,22719.75,22712.30078125,22714.900390625
2026-09-30 12:19:00,22714.349609375,22719.099609375,22712.30078125,22717.69921875
2026-09-30 12:20:00,22718.0,22721.900390625,22717.05078125,22721.349609375
2026-09-30 12:21:00,22721.099609375,22735.25,22720.25,22729.30078125
2026-09-30 12:22:00,22729.30078125,22751.25,22727.75,22750.75
2026-09-30 12:23:00,22750.44921875,22763.0,22749.900390625,22762.30078125
2026-09-30 12:24:00,22762.30078125,22765.69921875,22755.55078125,22755.55078125
2026-09-30 12:25:00,22755.05078125,22758.44921875,22754.55078125,22756.599609375
2026-09-30 12:26:00,22756.650390625,22761.0,22755.400390625,22760.05078125
2026-09-30 12:27:00,22759.75,22760.599609375,22748.80078125,22752.400390625
2026-09-30 12:28:00,22752.5,22760.599609375,22751.099609375,22759.55078125
2026-09-30 12:29:00,22759.55078125,22760.44921875,22748.849609375,22749.19921875
2026-09-30 12:30:00,22749.0,22754.30078125,22746.5,22753.5
2026-09-30 12:31:00,22753.5,22760.25,22753.0,22760.25
2026-09-30 12:32:00,22759.849609375,22762.80078125,22759.30078125,22760.349609375
2026-09-30 12:33:00,22760.19921875,22764.69921875,22759.30078125,22761.80078125
2026-09-30 12:34:00,22762.75,22769.099609375,22761.599609375,22768.30078125
2026-09-30 12:35:00,22768.150390625,22776.0,22768.150390625,22771.75
2026-09-30 12:36:00,22772.400390625,22775.94921875,22771.349609375,22774.5
2026-09-30 12:37:00,22774.599609375,22781.0,22773.05078125,22778.55078125
2026-09-30 12:38:00,22778.599609375,22788.94921875,22778.599609375,22787.099609375
2026-09-30 12:39:00,22787.349609375,22789.650390625,22775.349609375,22775.55078125
2026-09-30 12:40:00,22775.69921875,22779.0,22775.05078125,22777.400390625
2026-09-30 12:41:00,22777.900390625,22778.44921875,22769.0,22773.099609375
2026-09-30 12:42:00,22772.94921875,22774.80078125,22771.25,22774.30078125
2026-09-30 12:43:00,22774.5,22775.05078125,22769.5,22770.849609375
2026-09-30 12:44:00,22770.55078125,22776.0,22769.849609375,22772.599609375
2026-09-30 12:45:00,22772.349609375,22780.19921875,22772.30078125,22776.75
2026-09-30 12:46:00,22776.849609375,22801.05078125,22776.05078125,22800.150390625
2026-09-30 12:47:00,22799.94921875,22804.80078125,22797.75,22798.599609375
2026-09-30 12:48:00,22798.849609375,22809.30078125,22797.0,22808.349609375
2026-09-30 12:49:00,22808.400390625,22809.30078125,22795.55078125,22795.75
2026-09-30 12:50:00,22795.849609375,22797.849609375,22789.599609375,22792.80078125
2026-09-30 12:51:00,22792.650390625,22796.0,22787.0,22795.55078125
2026-09-30 12:52:00,22795.5,22796.05078125,22786.05078125,22792.900390625
2026-09-30 12:53:00,22792.650390625,22795.150390625,22790.30078125,22793.150390625
2026-09-30 12:54:00,22793.349609375,22796.19921875,22789.55078125,22790.400390625
2026-09-30 12:55:00,22790.5,22793.400390625,22787.849609375,22789.55078125
2026-09-30 12:56:00,22789.5,22796.30078125,22788.150390625,22794.650390625
2026-09-30 12:57:00,22795.19921875,22796.69921875,22792.5,22792.80078125
2026-09-30 12:58:00,22795.0,22795.0,22781.150390625,22785.75
2026-09-30 12:59:00,22785.69921875,22793.150390625,22785.349609375,22788.599609375
2026-09-30 13:00:00,22788.69921875,22793.25,22787.5,22792.650390625
2026-09-30 13:01:00,22792.44921875,22795.44921875,22789.25,22794.099609375
2026-09-30 13:02:00,22793.94921875,22794.650390625,22789.55078125,22791.69921875
2026-09-30 13:03:00,22791.599609375,22793.900390625,22788.650390625,22790.19921875
2026-09-30 13:04:00,22789.349609375,22790.0,22785.30078125,22786.80078125
2026-09-30 13:05:00,22786.75,22789.19921875,22784.94921875,22787.55078125
2026-09-30 13:06:00,22787.80078125,22792.400390625,22787.05078125,22789.099609375
2026-09-30 13:07:00,22788.650390625,22790.5,22787.349609375,22788.94921875
2026-09-30 13:08:00,22788.900390625,22791.900390625,22788.150390625,22790.25
2026-09-30 13:09:00,22790.30078125,22794.69921875,22789.80078125,22791.5
2026-09-30 13:10:00,22790.55078125,22793.19921875,22789.44921875,22791.849609375
2026-09-30 13:11:00,22791.900390625,22792.94921875,22786.5,22788.349609375
2026-09-30 13:12:00,22787.849609375,22789.55078125,22783.849609375,22785.349609375
2026-09-30 13:13:00,22785.599609375,22786.80078125,22781.349609375,22782.400390625
2026-09-30 13:14:00,22782.599609375,22783.25,22775.69921875,22778.44921875
2026-09-30 13:15:00,22778.30078125,22785.349609375,22778.05078125,22783.30078125
2026-09-30 13:16:00,22783.400390625,22787.30078125,22782.25,22783.400390625
2026-09-30 13:17:00,22783.400390625,22787.25,22783.05078125,22785.150390625
2026-09-30 13:18:00,22784.55078125,22785.5,22778.69921875,22781.30078125
2026-09-30 13:19:00,22781.5,22782.44921875,22776.94921875,22778.5
2026-09-30 13:20:00,22778.0,22779.30078125,22775.099609375,22777.150390625
2026-09-30 13:21:00,22777.150390625,22780.44921875,22776.150390625,22779.5
2026-09-30 13:22:00,22779.25,22783.650390625,22777.650390625,22781.94921875
2026-09-30 13:23:00,22782.349609375,22785.349609375,22781.05078125,22784.400390625
2026-09-30 13:24:00,22783.5,22785.69921875,22781.650390625,22785.19921875
2026-09-30 13:25:00,22785.30078125,22788.69921875,22781.400390625,22781.849609375
2026-09-30 13:26:00,22779.0,22784.94921875,22779.0,22782.75
2026-09-30 13:27:00,22782.94921875,22787.150390625,22782.05078125,22786.19921875
2026-09-30 13:28:00,22786.400390625,22787.30078125,22781.25,22783.25
2026-09-30 13:29:00,22783.650390625,22784.75,22772.19921875,22774.75
2026-09-30 13:30:00,22774.80078125,22778.55078125,22771.94921875,22776.849609375
2026-09-30 13:31:00,22776.650390625,22787.349609375,22774.150390625,22787.349609375
2026-09-30 13:32:00,22787.099609375,22788.5,22780.0,22780.69921875
2026-09-30 13:33:00,22780.80078125,22784.25,22779.75,22781.44921875
2026-09-30 13:34:00,22781.849609375,22784.0,22776.150390625,22777.5
2026-09-30 13:35:00,22777.150390625,22777.849609375,22772.0,22772.19921875
2026-09-30 13:36:00,22772.30078125,22772.400390625,22765.55078125,22766.75
2026-09-30 13:37:00,22766.5,22770.05078125,22759.75,22765.19921875
2026-09-30 13:38:00,22765.30078125,22766.25,22761.19921875,22763.650390625
2026-09-30 13:39:00,22764.0,22764.349609375,22755.599609375,22757.05078125
2026-09-30 13:40:00,22757.05078125,22757.349609375,22750.900390625,22752.44921875
2026-09-30 13:41:00,22752.05078125,22752.80078125,22739.900390625,22742.849609375
2026-09-30 13:42:00,22742.94921875,22751.099609375,22742.150390625,22749.69921875
2026-09-30 13:43:00,22749.099609375,22752.05078125,22740.5,22740.55078125
2026-09-30 13:44:00,22740.80078125,22741.30078125,22726.150390625,22726.25
2026-09-30 13:45:00,22726.30078125,22726.94921875,22714.849609375,22720.099609375
2026-09-30 13:46:00,22719.94921875,22726.0,22719.849609375,22721.400390625
2026-09-30 13:47:00,22721.25,22726.30078125,22718.75,22723.55078125
2026-09-30 13:48:00,22723.349609375,22728.44921875,22723.349609375,22724.75
2026-09-30 13:49:00,22724.650390625,22728.349609375,22719.900390625,22721.099609375
2026-09-30 13:50:00,22721.19921875,22725.5,22717.099609375,22724.69921875
2026-09-30 13:51:00,22724.75,22731.30078125,22724.5,22729.650390625
2026-09-30 13:52:00,22729.55078125,22732.55078125,22717.900390625,22718.75
2026-09-30 13:53:00,22719.150390625,22725.5,22718.19921875,22720.25
2026-09-30 13:54:00,22720.69921875,22730.0,22720.400390625,22726.5
2026-09-30 13:55:00,22726.25,22736.94921875,22726.25,22735.05078125
2026-09-30 13:56:00,22734.849609375,22740.349609375,22734.69921875,22736.69921875
2026-09-30 13:57:00,22736.55078125,22744.400390625,22736.400390625,22743.400390625
2026-09-30 13:58:00,22743.30078125,22750.44921875,22743.150390625,22747.150390625
2026-09-30 13:59:00,22747.099609375,22749.19921875,22735.19921875,22735.25
2026-09-30 14:00:00,22735.0,22737.94921875,22725.099609375,22725.94921875
2026-09-30 14:01:00,22725.599609375,22731.80078125,22725.349609375,22729.69921875
2026-09-30 14:02:00,22729.30078125,22736.55078125,22729.30078125,22729.900390625
2026-09-30 14:03:00,22729.900390625,22736.349609375,22729.900390625,22735.55078125
2026-09-30 14:04:00,22734.55078125,22740.80078125,22734.55078125,22737.25
2026-09-30 14:05:00,22737.0,22740.099609375,22734.900390625,22736.5
2026-09-30 14:06:00,22737.099609375,22741.650390625,22736.44921875,22739.05078125
2026-09-30 14:07:00,22739.19921875,22739.650390625,22730.94921875,22733.0
2026-09-30 14:08:00,22732.900390625,22735.69921875,22729.599609375,22734.69921875
2026-09-30 14:09:00,22734.599609375,22734.599609375,22726.150390625,22726.400390625
2026-09-30 14:10:00,22725.80078125,22728.55078125,22723.099609375,22723.099609375
2026-09-30 14:11:00,22723.05078125,22725.599609375,22719.94921875,22722.69921875
2026-09-30 14:12:00,22722.30078125,22723.30078125,22715.44921875,22715.69921875
2026-09-30 14:13:00,22715.05078125,22717.25,22710.30078125,22710.30078125
2026-09-30 14:14:00,22710.150390625,22713.599609375,22707.599609375,22708.44921875
2026-09-30 14:15:00,22708.349609375,22709.650390625,22701.5,22702.05078125
2026-09-30 14:16:00,22702.099609375,22708.44921875,22702.099609375,22705.349609375
2026-09-30 14:17:00,22705.900390625,22709.650390625,22704.69921875,22706.55078125
2026-09-30 14:18:00,22706.55078125,22708.900390625,22704.75,22705.30078125
2026-09-30 14:19:00,22707.44921875,22708.349609375,22704.94921875,22705.80078125
2026-09-30 14:20:00,22705.80078125,22709.900390625,22703.05078125,22707.349609375
2026-09-30 14:21:00,22706.650390625,22708.25,22693.0,22693.69921875
2026-09-30 14:22:00,22694.30078125,22698.650390625,22692.05078125,22692.30078125
2026-09-30 14:23:00,22692.0,22693.599609375,22664.5,22666.30078125
2026-09-30 14:24:00,22666.05078125,22677.19921875,22664.650390625,22664.849609375
2026-09-30 14:25:00,22664.75,22672.5,22664.75,22666.5
2026-09-30 14:26:00,22666.0,22668.69921875,22658.94921875,22659.05078125
2026-09-30 14:27:00,22660.0,22660.94921875,22652.75,22654.150390625
2026-09-30 14:28:00,22653.80078125,22655.30078125,22641.5,22642.69921875
2026-09-30 14:29:00,22642.55078125,22645.69921875,22635.30078125,22642.900390625
2026-09-30 14:30:00,22642.75,22644.150390625,22628.900390625,22630.80078125
2026-09-30 14:31:00,22631.25,22649.599609375,22629.19921875,22648.75
2026-09-30 14:32:00,22648.599609375,22648.75,22638.0,22642.900390625
2026-09-30 14:33:00,22642.94921875,22647.099609375,22638.5,22639.849609375
2026-09-30 14:34:00,22640.25,22642.5,22638.30078125,22640.19921875
2026-09-30 14:35:00,22639.75,22642.80078125,22633.5,22634.80078125
2026-09-30 14:36:00,22634.849609375,22637.44921875,22625.69921875,22626.849609375
2026-09-30 14:37:00,22626.75,22628.0,22617.94921875,22618.75
2026-09-30 14:38:00,22618.80078125,22629.94921875,22617.75,22620.80078125
2026-09-30 14:39:00,22621.150390625,22621.44921875,22604.650390625,22608.400390625
2026-09-30 14:40:00,22608.19921875,22617.349609375,22607.30078125,22615.099609375
2026-09-30 14:41:00,22615.19921875,22618.849609375,22612.25,22614.44921875
2026-09-30 14:42:00,22614.75,22616.05078125,22600.349609375,22600.900390625
2026-09-30 14:43:00,22601.150390625,22607.099609375,22595.25,22605.0
2026-09-30 14:44:00,22604.900390625,22613.099609375,22604.400390625,22610.19921875
2026-09-30 14:45:00,22610.099609375,22629.349609375,22610.0,22628.5
2026-09-30 14:46:00,22627.900390625,22629.650390625,22619.5,22621.099609375
2026-09-30 14:47:00,22621.05078125,22634.900390625,22618.349609375,22632.80078125
2026-09-30 14:48:00,22632.80078125,22646.900390625,22632.25,22643.900390625
2026-09-30 14:49:00,22643.849609375,22652.44921875,22643.849609375,22651.94921875
2026-09-30 14:50:00,22652.30078125,22654.25,22639.75,22647.400390625
2026-09-30 14:51:00,22647.30078125,22651.55078125,22640.19921875,22649.94921875
2026-09-30 14:52:00,22651.0,22654.80078125,22642.099609375,22645.44921875
2026-09-30 14:53:00,22645.75,22651.900390625,22638.849609375,22640.900390625
2026-09-30 14:54:00,22641.05078125,22647.150390625,22640.19921875,22646.150390625
2026-09-30 14:55:00,22645.849609375,22648.25,22642.05078125,22642.599609375
2026-09-30 14:56:00,22643.0,22644.150390625,22634.599609375,22634.900390625
2026-09-30 14:57:00,22634.5,22643.349609375,22633.30078125,22642.94921875
2026-09-30 14:58:00,22642.400390625,22645.349609375,22640.0,22641.55078125
2026-09-30 14:59:00,22641.400390625,22643.349609375,22637.099609375,22637.25
2026-09-30 15:00:00,22637.19921875,22650.75,22630.400390625,22649.44921875
2026-09-30 15:01:00,22649.44921875,22658.75,22647.25,22656.44921875
2026-09-30 15:02:00,22657.30078125,22660.400390625,22654.19921875,22654.900390625
2026-09-30 15:03:00,22654.900390625,22656.349609375,22639.25,22640.05078125
2026-09-30 15:04:00,22640.19921875,22647.75,22636.94921875,22640.599609375
2026-09-30 15:05:00,22640.599609375,22640.599609375,22629.099609375,22630.05078125
2026-09-30 15:06:00,22630.0,22637.25,22626.69921875,22635.75
2026-09-30 15:07:00,22635.75,22636.94921875,22627.5,22628.05078125
2026-09-30 15:08:00,22628.25,22629.30078125,22625.650390625,22628.69921875
2026-09-30 15:09:00,22628.599609375,22629.900390625,22623.900390625,22624.30078125
2026-09-30 15:10:00,22624.599609375,22630.05078125,22622.44921875,22624.05078125
2026-09-30 15:11:00,22623.94921875,22631.849609375,22622.150390625,22628.75
2026-09-30 15:12:00,22628.75,22630.099609375,22617.80078125,22620.30078125
2026-09-30 15:13:00,22620.400390625,22621.349609375,22607.650390625,22610.599609375
2026-09-30 15:14:00,22610.650390625,22616.900390625,22600.94921875,22614.30078125
2026-09-30 15:15:00,22614.900390625,22616.599609375,22614.900390625,22616.599609375
2026-09-30 15:16:00,22616.599609375,22616.599609375,22616.599609375,22616.599609375
2026-09-30 15:17:00,22616.599609375,22616.599609375,22616.599609375,22616.599609375
2026-09-30 15:18:00,22616.599609375,22616.599609375,22616.599609375,22616.599609375
2026-09-30 15:19:00,22616.599609375,22616.599609375,22616.599609375,22616.599609375
2026-09-30 15:20:00,22616.599609375,22616.599609375,22616.599609375,22616.599609375
2026-09-30 15:21:00,22616.599609375,22616.599609375,22616.599609375,22616.599609375
2026-09-30 15:22:00,22616.599609375,22616.599609375,22616.599609375,22616.599609375
2026-09-30 15:23:00,22616.599609375,22616.599609375,22616.599609375,22616.599609375
2026-09-30 15:24:00,22616.599609375,22616.599609375,22616.599609375,22616.599609375
2026-09-30 15:25:00,22616.599609375,22616.599609375,22616.599609375,22616.599609375
2026-09-30 15:26:00,22616.599609375,22616.599609375,22616.599609375,22616.599609375
2026-09-30 15:27:00,22616.599609375,22616.599609375,22616.599609375,22616.599609375
2026-09-30 15:28:00,22616.599609375,22620.44921875,22616.599609375,22620.44921875
2026-09-30 15:29:00,22620.44921875,22620.44921875,22620.44921875,22620.44921875
2026-10-01 09:15:00,22543.69921875,22557.69921875,22523.55078125,22552.0
2026-10-01 09:16:00,22551.94921875,22589.349609375,22548.94921875,22581.75
2026-10-01 09:17:00,22582.150390625,22587.0,22551.75,22569.849609375
2026-10-01 09:18:00,22569.30078125,22582.44921875,22566.400390625,22571.099609375
2026-10-01 09:19:00,22570.75,22571.099609375,22548.349609375,22556.44921875
2026-10-01 09:20:00,22556.05078125,22563.650390625,22544.55078125,22546.349609375
2026-10-01 09:21:00,22546.19921875,22551.19921875,22535.80078125,22540.400390625
2026-10-01 09:22:00,22540.75,22543.25,22529.94921875,22530.55078125
2026-10-01 09:23:00,22530.94921875,22530.94921875,22518.599609375,22520.25
2026-10-01 09:24:00,22520.30078125,22521.150390625,22509.19921875,22514.150390625
2026-10-01 09:25:00,22513.44921875,22521.400390625,22508.349609375,22516.400390625
2026-10-01 09:26:00,22516.150390625,22530.44921875,22514.44921875,22522.05078125
2026-10-01 09:27:00,22522.19921875,22526.099609375,22511.5,22522.75
2026-10-01 09:28:00,22522.80078125,22537.5,22520.80078125,22536.55078125
2026-10-01 09:29:00,22536.80078125,22542.849609375,22531.349609375,22539.80078125
2026-10-01 09:30:00,22540.150390625,22567.849609375,22537.30078125,22567.400390625
2026-10-01 09:31:00,22567.599609375,22577.599609375,22560.650390625,22564.75
2026-10-01 09:32:00,22564.30078125,22578.5,22563.19921875,22567.0
2026-10-01 09:33:00,22566.849609375,22576.349609375,22566.650390625,22570.69921875
2026-10-01 09:34:00,22570.400390625,22570.900390625,22537.900390625,22537.900390625
2026-10-01 09:35:00,22538.0,22548.650390625,22538.0,22542.849609375
2026-10-01 09:36:00,22542.94921875,22547.75,22536.650390625,22545.099609375
2026-10-01 09:37:00,22544.650390625,22548.5,22538.0,22547.19921875
2026-10-01 09:38:00,22547.94921875,22551.599609375,22543.75,22544.44921875
2026-10-01 09:39:00,22544.44921875,22565.349609375,22542.19921875,22564.5
2026-10-01 09:40:00,22564.5,22567.0,22557.650390625,22565.19921875
2026-10-01 09:41:00,22565.150390625,22565.94921875,22555.05078125,22556.150390625
2026-10-01 09:42:00,22556.349609375,22566.44921875,22554.05078125,22566.349609375
2026-10-01 09:43:00,22566.5,22566.5,22556.849609375,22557.05078125
2026-10-01 09:44:00,22557.349609375,22559.650390625,22547.30078125,22551.19921875
2026-10-01 09:45:00,22551.19921875,22551.599609375,22534.849609375,22551.55078125
2026-10-01 09:46:00,22551.19921875,22557.80078125,22551.05078125,22552.849609375
2026-10-01 09:47:00,22553.44921875,22564.5,22552.19921875,22562.900390625
2026-10-01 09:48:00,22562.900390625,22566.05078125,22554.69921875,22562.75
2026-10-01 09:49:00,22562.75,22570.650390625,22555.5,22558.650390625
2026-10-01 09:50:00,22558.5,22563.650390625,22558.5,22563.0
2026-10-01 09:51:00,22563.0,22563.69921875,22551.150390625,22554.55078125
2026-10-01 09:52:00,22554.349609375,22563.400390625,22552.94921875,22563.05078125
2026-10-01 09:53:00,22563.099609375,22563.19921875,22544.5,22546.19921875
2026-10-01 09:54:00,22547.0,22549.099609375,22538.5,22538.5
2026-10-01 09:55:00,22538.69921875,22549.849609375,22532.55078125,22548.5
2026-10-01 09:56:00,22548.44921875,22558.44921875,22538.94921875,22557.69921875
2026-10-01 09:57:00,22557.5,22557.5,22544.94921875,22551.150390625
2026-10-01 09:58:00,22551.19921875,22559.94921875,22547.30078125,22558.849609375
2026-10-01 09:59:00,22558.69921875,22571.099609375,22556.900390625,22570.25
2026-10-01 10:00:00,22570.44921875,22583.80078125,22567.599609375,22583.650390625
2026-10-01 10:01:00,22583.599609375,22596.30078125,22582.599609375,22593.75
2026-10-01 10:02:00,22593.900390625,22601.80078125,22591.25,22593.650390625
2026-10-01 10:03:00,22593.599609375,22599.75,22585.75,22592.25
2026-10-01 10:04:00,22592.69921875,22601.80078125,22590.349609375,22600.05078125
2026-10-01 10:05:00,22599.55078125,22602.900390625,22596.400390625,22602.150390625
2026-10-01 10:06:00,22602.400390625,22606.650390625,22601.349609375,22603.55078125
2026-10-01 10:07:00,22606.55078125,22610.55078125,22602.19921875,22609.19921875
2026-10-01 10:08:00,22609.150390625,22609.150390625,22582.75,22585.349609375
2026-10-01 10:09:00,22586.80078125,22591.55078125,22582.80078125,22583.55078125
2026-10-01 10:10:00,22583.650390625,22587.5,22572.55078125,22587.400390625
2026-10-01 10:11:00,22587.19921875,22593.099609375,22579.150390625,22579.150390625
2026-10-01 10:12:00,22580.599609375,22580.599609375,22568.94921875,22573.5
2026-10-01 10:13:00,22573.349609375,22574.25,22566.0,22568.75
2026-10-01 10:14:00,22568.94921875,22575.349609375,22565.099609375,22574.69921875
2026-10-01 10:15:00,22574.650390625,22576.599609375,22570.099609375,22571.30078125
2026-10-01 10:16:00,22571.400390625,22583.30078125,22569.25,22580.75
2026-10-01 10:17:00,22580.5,22580.5,22567.650390625,22572.599609375
2026-10-01 10:18:00,22572.75,22580.900390625,22572.25,22576.099609375
2026-10-01 10:19:00,22576.0,22576.25,22568.55078125,22568.650390625
2026-10-01 10:20:00,22568.75,22571.0,22565.099609375,22567.19921875
2026-10-01 10:21:00,22567.44921875,22572.099609375,22564.400390625,22567.150390625
2026-10-01 10:22:00,22567.30078125,22570.75,22562.44921875,22562.69921875
2026-10-01 10:23:00,22562.55078125,22568.25,22560.44921875,22567.150390625
2026-10-01 10:24:00,22566.599609375,22566.599609375,22557.30078125,22560.55078125
2026-10-01 10:25:00,22560.55078125,22567.599609375,22558.849609375,22564.150390625
2026-10-01 10:26:00,22564.0,22564.099609375,22552.900390625,22554.150390625
2026-10-01 10:27:00,22554.25,22556.5,22549.650390625,22552.05078125
2026-10-01 10:28:00,22552.05078125,22556.19921875,22543.0,22555.5
2026-10-01 10:29:00,22555.5,22561.599609375,22552.94921875,22561.0
2026-10-01 10:30:00,22561.150390625,22569.150390625,22558.0,22568.099609375
2026-10-01 10:31:00,22568.30078125,22579.349609375,22567.75,22579.150390625
2026-10-01 10:32:00,22579.44921875,22587.349609375,22576.5,22586.69921875
2026-10-01 10:33:00,22586.75,22592.599609375,22581.099609375,22581.19921875
2026-10-01 10:34:00,22580.94921875,22582.30078125,22575.75,22579.599609375
2026-10-01 10:35:00,22579.55078125,22585.19921875,22577.55078125,22584.69921875
2026-10-01 10:36:00,22584.69921875,22594.400390625,22583.25,22588.400390625
2026-10-01 10:37:00,22588.349609375,22591.30078125,22584.05078125,22586.30078125
2026-10-01 10:38:00,22585.5,22585.5,22575.650390625,22583.30078125
2026-10-01 10:39:00,22583.05078125,22583.650390625,22577.349609375,22580.80078125
2026-10-01 10:40:00,22580.94921875,22582.5,22573.30078125,22576.19921875
2026-10-01 10:41:00,22576.150390625,22577.349609375,22574.150390625,22576.25
2026-10-01 10:42:00,22576.150390625,22579.30078125,22568.900390625,22569.75
2026-10-01 10:43:00,22569.75,22574.400390625,22568.80078125,22572.849609375
2026-10-01 10:44:00,22572.5,22572.5,22562.75,22563.150390625
2026-10-01 10:45:00,22563.05078125,22563.94921875,22551.849609375,22562.94921875
2026-10-01 10:46:00,22562.900390625,22566.19921875,22557.80078125,22560.150390625
2026-10-01 10:47:00,22559.849609375,22560.599609375,22554.44921875,22557.55078125
2026-10-01 10:48:00,22557.55078125,22558.099609375,22547.900390625,22557.75
2026-10-01 10:49:00,22557.349609375,22558.900390625,22553.599609375,22554.599609375
2026-10-01 10:50:00,22554.80078125,22574.400390625,22553.75,22573.099609375
2026-10-01 10:51:00,22573.0,22580.55078125,22565.94921875,22578.05078125
2026-10-01 10:52:00,22578.94921875,22581.44921875,22567.150390625,22567.80078125
2026-10-01 10:53:00,22568.25,22573.400390625,22561.25,22571.349609375
2026-10-01 10:54:00,22571.44921875,22571.69921875,22554.75,22556.94921875
2026-10-01 10:55:00,22556.94921875,22566.099609375,22553.650390625,22558.55078125
2026-10-01 10:56:00,22557.349609375,22562.25,22553.69921875,22559.650390625
2026-10-01 10:57:00,22558.599609375,22561.650390625,22553.19921875,22558.400390625
2026-10-01 10:58:00,22558.400390625,22559.80078125,22552.099609375,22558.25
2026-10-01 10:59:00,22558.05078125,22568.5,22556.349609375,22562.25
2026-10-01 11:00:00,22562.30078125,22563.099609375,22555.599609375,22558.25
2026-10-01 11:01:00,22558.30078125,22558.55078125,22551.44921875,22552.55078125
2026-10-01 11:02:00,22552.650390625,22556.150390625,22551.80078125,22552.900390625
2026-10-01 11:03:00,22552.80078125,22553.05078125,22543.75,22547.44921875
2026-10-01 11:04:00,22547.44921875,22552.900390625,22545.55078125,22547.75
2026-10-01 11:05:00,22547.94921875,22549.900390625,22541.5,22547.94921875
2026-10-01 11:06:00,22548.099609375,22557.30078125,22547.69921875,22557.25
2026-10-01 11:07:00,22556.94921875,22556.94921875,22543.150390625,22546.69921875
2026-10-01 11:08:00,22546.650390625,22549.05078125,22539.69921875,22541.0
2026-10-01 11:09:00,22541.099609375,22541.150390625,22532.650390625,22534.400390625
2026-10-01 11:10:00,22535.150390625,22540.5,22533.099609375,22539.55078125
2026-10-01 11:11:00,22539.19921875,22546.400390625,22538.44921875,22545.75
2026-10-01 11:12:00,22545.849609375,22549.19921875,22541.650390625,22543.44921875
2026-10-01 11:13:00,22543.19921875,22548.349609375,22542.19921875,22547.650390625
2026-10-01 11:14:00,22547.599609375,22547.75,22542.0,22547.150390625
2026-10-01 11:15:00,22546.55078125,22553.650390625,22546.0,22552.19921875
2026-10-01 11:16:00,22552.0,22556.94921875,22549.30078125,22556.0
2026-10-01 11:17:00,22555.80078125,22565.650390625,22554.55078125,22559.19921875
2026-10-01 11:18:00,22559.349609375,22564.94921875,22557.5,22559.099609375
2026-10-01 11:19:00,22559.30078125,22560.0,22549.19921875,22558.05078125
2026-10-01 11:20:00,22558.19921875,22561.94921875,22556.5,22557.75
2026-10-01 11:21:00,22557.599609375,22557.599609375,22545.25,22554.05078125
2026-10-01 11:22:00,22554.05078125,22554.05078125,22539.69921875,22540.599609375
2026-10-01 11:23:00,22540.69921875,22542.099609375,22531.5,22534.849609375
2026-10-01 11:24:00,22534.900390625,22537.0,22531.0,22535.44921875
2026-10-01 11:25:00,22535.349609375,22537.849609375,22529.69921875,22537.19921875
2026-10-01 11:26:00,22536.900390625,22544.55078125,22536.900390625,22544.55078125
2026-10-01 11:27:00,22544.099609375,22545.099609375,22538.599609375,22541.55078125
2026-10-01 11:28:00,22541.55078125,22541.55078125,22535.44921875,22539.5
2026-10-01 11:29:00,22539.44921875,22544.5,22538.650390625,22543.849609375
2026-10-01 11:30:00,22544.150390625,22550.80078125,22541.599609375,22550.650390625
2026-10-01 11:31:00,22550.30078125,22550.349609375,22542.150390625,22546.099609375
2026-10-01 11:32:00,22546.19921875,22546.19921875,22535.80078125,22538.349609375
2026-10-01 11:33:00,22538.099609375,22542.75,22536.44921875,22541.05078125
2026-10-01 11:34:00,22540.75,22544.099609375,22536.05078125,22543.80078125
2026-10-01 11:35:00,22544.150390625,22550.0,22542.150390625,22549.599609375
2026-10-01 11:36:00,22549.55078125,22560.75,22548.150390625,22559.349609375
2026-10-01 11:37:00,22559.69921875,22563.94921875,22557.05078125,22562.25
2026-10-01 11:38:00,22562.25,22562.5,22553.30078125,22553.30078125
2026-10-01 11:39:00,22553.44921875,22559.5,22548.75,22558.75
2026-10-01 11:40:00,22558.75,22559.0,22554.5,22558.099609375
2026-10-01 11:41:00,22558.19921875,22562.75,22556.599609375,22562.55078125
2026-10-01 11:42:00,22562.19921875,22573.25,22561.400390625,22567.80078125
2026-10-01 11:43:00,22567.900390625,22568.30078125,22565.150390625,22567.150390625
2026-10-01 11:44:00,22567.150390625,22573.69921875,22565.849609375,22571.650390625
2026-10-01 11:45:00,22571.80078125,22572.650390625,22562.94921875,22564.75
2026-10-01 11:46:00,22564.599609375,22565.349609375,22555.650390625,22560.94921875
2026-10-01 11:47:00,22560.900390625,22568.0,22560.099609375,22564.349609375
2026-10-01 11:48:00,22563.900390625,22564.0,22554.19921875,22554.94921875
2026-10-01 11:49:00,22554.849609375,22557.30078125,22548.099609375,22553.400390625
2026-10-01 11:50:00,22552.849609375,22552.849609375,22543.94921875,22548.599609375
2026-10-01 11:51:00,22548.44921875,22553.94921875,22546.099609375,22547.849609375
2026-10-01 11:52:00,22547.849609375,22551.150390625,22546.400390625,22548.599609375
2026-10-01 11:53:00,22548.900390625,22554.599609375,22547.349609375,22552.849609375
2026-10-01 11:54:00,22552.75,22552.75,22544.900390625,22548.30078125
2026-10-01 11:55:00,22548.150390625,22552.650390625,22547.900390625,22552.19921875
2026-10-01 11:56:00,22552.05078125,22558.75,22550.69921875,22558.349609375
2026-10-01 11:57:00,22558.400390625,22560.599609375,22554.19921875,22557.099609375
2026-10-01 11:58:00,22557.0,22558.849609375,22552.94921875,22556.80078125
2026-10-01 11:59:00,22556.75,22568.400390625,22555.5,22567.849609375
2026-10-01 12:00:00,22567.349609375,22574.25,22564.099609375,22572.650390625
2026-10-01 12:01:00,22572.30078125,22572.650390625,22558.25,22558.349609375
2026-10-01 12:02:00,22558.400390625,22561.44921875,22549.349609375,22550.30078125
2026-10-01 12:03:00,22550.25,22553.900390625,22545.44921875,22551.94921875
2026-10-01 12:04:00,22552.05078125,22552.05078125,22542.849609375,22544.150390625
2026-10-01 12:05:00,22544.099609375,22546.30078125,22540.80078125,22545.849609375
2026-10-01 12:06:00,22545.900390625,22546.150390625,22536.55078125,22539.0
2026-10-01 12:07:00,22538.25,22539.25,22526.650390625,22532.0
2026-10-01 12:08:00,22532.0,22537.599609375,22530.650390625,22536.55078125
2026-10-01 12:09:00,22536.599609375,22536.80078125,22528.650390625,22532.30078125
2026-10-01 12:10:00,22532.30078125,22532.30078125,22507.05078125,22507.69921875
2026-10-01 12:11:00,22507.400390625,22515.30078125,22500.80078125,22514.5
2026-10-01 12:12:00,22514.400390625,22525.599609375,22510.650390625,22523.650390625
2026-10-01 12:13:00,22523.55078125,22530.94921875,22522.05078125,22525.900390625
2026-10-01 12:14:00,22525.900390625,22525.900390625,22518.349609375,22520.75
2026-10-01 12:15:00,22520.44921875,22520.44921875,22513.44921875,22517.55078125
2026-10-01 12:16:00,22517.05078125,22529.30078125,22517.05078125,22518.94921875
2026-10-01 12:17:00,22518.849609375,22522.25,22513.849609375,22517.349609375
2026-10-01 12:18:00,22516.69921875,22516.69921875,22506.80078125,22510.5
2026-10-01 12:19:00,22510.5,22513.900390625,22499.30078125,22501.05078125
2026-10-01 12:20:00,22501.05078125,22506.400390625,22499.849609375,22506.349609375
2026-10-01 12:21:00,22506.349609375,22510.650390625,22501.19921875,22502.099609375
2026-10-01 12:22:00,22501.69921875,22503.75,22492.599609375,22492.849609375
2026-10-01 12:23:00,22493.05078125,22493.30078125,22481.900390625,22483.400390625
2026-10-01 12:24:00,22483.30078125,22486.75,22479.599609375,22485.69921875
2026-10-01 12:25:00,22485.69921875,22488.150390625,22480.849609375,22480.849609375
2026-10-01 12:26:00,22480.900390625,22483.30078125,22476.599609375,22482.69921875
2026-10-01 12:27:00,22482.599609375,22483.400390625,22472.0,22481.75
2026-10-01 12:28:00,22481.75,22482.25,22463.900390625,22464.75
2026-10-01 12:29:00,22464.75,22472.30078125,22459.400390625,22471.150390625
2026-10-01 12:30:00,22471.099609375,22471.150390625,22458.150390625,22467.599609375
2026-10-01 12:31:00,22467.69921875,22468.400390625,22462.94921875,22467.599609375
2026-10-01 12:32:00,22467.650390625,22481.900390625,22467.099609375,22480.94921875
2026-10-01 12:33:00,22480.849609375,22484.44921875,22473.150390625,22483.099609375
2026-10-01 12:34:00,22482.94921875,22487.25,22474.44921875,22476.150390625
2026-10-01 12:35:00,22475.599609375,22483.19921875,22475.05078125,22478.05078125
2026-10-01 12:36:00,22475.05078125,22479.94921875,22473.599609375,22478.849609375
2026-10-01 12:37:00,22478.849609375,22480.69921875,22474.25,22475.69921875
2026-10-01 12:38:00,22475.599609375,22477.30078125,22473.25,22474.55078125
2026-10-01 12:39:00,22474.349609375,22479.400390625,22472.69921875,22478.099609375
2026-10-01 12:40:00,22478.19921875,22480.69921875,22475.349609375,22477.900390625
2026-10-01 12:41:00,22478.19921875,22485.400390625,22472.349609375,22475.0
2026-10-01 12:42:00,22475.44921875,22476.75,22466.05078125,22467.0
2026-10-01 12:43:00,22466.849609375,22468.25,22454.349609375,22455.69921875
2026-10-01 12:44:00,22456.400390625,22456.400390625,22433.05078125,22433.80078125
2026-10-01 12:45:00,22433.69921875,22433.69921875,22415.400390625,22416.150390625
2026-10-01 12:46:00,22416.0,22416.5,22404.44921875,22413.75
2026-10-01 12:47:00,22413.400390625,22413.400390625,22394.400390625,22395.349609375
2026-10-01 12:48:00,22395.55078125,22408.849609375,22392.75,22400.05078125
2026-10-01 12:49:00,22400.94921875,22401.5,22374.150390625,22378.25
2026-10-01 12:50:00,22378.0,22380.55078125,22363.69921875,22370.5
2026-10-01 12:51:00,22370.55078125,22377.650390625,22363.25,22367.5
2026-10-01 12:52:00,22367.5,22372.80078125,22361.25,22361.650390625
2026-10-01 12:53:00,22360.80078125,22361.900390625,22355.25,22357.099609375
2026-10-01 12:54:00,22356.94921875,22356.94921875,22344.80078125,22350.400390625
2026-10-01 12:55:00,22350.599609375,22351.69921875,22336.849609375,22338.099609375
2026-10-01 12:56:00,22337.150390625,22341.55078125,22324.94921875,22326.099609375
2026-10-01 12:57:00,22326.05078125,22337.650390625,22324.69921875,22329.55078125
2026-10-01 12:58:00,22329.5,22333.80078125,22301.5,22301.5
2026-10-01 12:59:00,22302.099609375,22337.69921875,22301.44921875,22325.849609375
2026-10-01 13:00:00,22324.80078125,22338.849609375,22317.80078125,22338.44921875
2026-10-01 13:01:00,22338.099609375,22339.650390625,22331.55078125,22339.650390625
2026-10-01 13:02:00,22338.900390625,22364.099609375,22338.75,22359.150390625
2026-10-01 13:03:00,22358.69921875,22371.55078125,22355.650390625,22365.19921875
2026-10-01 13:04:00,22365.150390625,22380.44921875,22362.94921875,22378.55078125
2026-10-01 13:05:00,22378.69921875,22378.69921875,22366.05078125,22370.80078125
2026-10-01 13:06:00,22371.0,22371.75,22357.5,22366.400390625
2026-10-01 13:07:00,22366.69921875,22376.400390625,22354.44921875,22376.349609375
2026-10-01 13:08:00,22376.44921875,22388.099609375,22374.55078125,22387.5
2026-10-01 13:09:00,22387.55078125,22388.30078125,22374.55078125,22381.55078125
2026-10-01 13:10:00,22381.80078125,22381.80078125,22372.349609375,22373.150390625
2026-10-01 13:11:00,22373.099609375,22383.30078125,22371.150390625,22381.400390625
2026-10-01 13:12:00,22381.55078125,22384.849609375,22372.349609375,22374.19921875
2026-10-01 13:13:00,22374.599609375,22378.69921875,22371.099609375,22371.900390625
2026-10-01 13:14:00,22371.44921875,22381.94921875,22364.25,22372.80078125
2026-10-01 13:15:00,22372.80078125,22372.80078125,22355.19921875,22361.349609375
2026-10-01 13:16:00,22361.05078125,22361.650390625,22349.55078125,22352.849609375
2026-10-01 13:17:00,22352.80078125,22353.650390625,22342.900390625,22348.349609375
2026-10-01 13:18:00,22348.30078125,22348.849609375,22331.94921875,22332.900390625
2026-10-01 13:19:00,22332.80078125,22340.19921875,22329.44921875,22335.69921875
2026-10-01 13:20:00,22335.349609375,22343.5,22333.19921875,22340.94921875
2026-10-01 13:21:00,22340.75,22349.0,22338.75,22339.349609375
2026-10-01 13:22:00,22339.349609375,22339.349609375,22324.44921875,22326.400390625
2026-10-01 13:23:00,22326.25,22334.80078125,22324.55078125,22333.599609375
2026-10-01 13:24:00,22333.25,22335.349609375,22326.0,22328.400390625
2026-10-01 13:25:00,22328.0,22341.69921875,22326.150390625,22341.69921875
2026-10-01 13:26:00,22342.25,22345.05078125,22331.650390625,22333.25
2026-10-01 13:27:00,22333.19921875,22336.19921875,22322.75,22335.650390625
2026-10-01 13:28:00,22335.55078125,22341.150390625,22330.80078125,22331.400390625
2026-10-01 13:29:00,22331.349609375,22333.349609375,22321.849609375,22323.349609375
2026-10-01 13:30:00,22323.19921875,22330.400390625,22312.150390625,22328.5
2026-10-01 13:31:00,22328.400390625,22337.30078125,22320.599609375,22321.400390625
2026-10-01 13:32:00,22321.349609375,22337.0,22320.44921875,22331.25
2026-10-01 13:33:00,22331.400390625,22356.900390625,22330.44921875,22353.94921875
2026-10-01 13:34:00,22354.150390625,22363.55078125,22347.94921875,22356.099609375
2026-10-01 13:35:00,22356.05078125,22361.94921875,22347.099609375,22347.25
2026-10-01 13:36:00,22346.900390625,22349.900390625,22334.25,22335.30078125
2026-10-01 13:37:00,22335.5,22341.900390625,22329.94921875,22340.80078125
2026-10-01 13:38:00,22340.099609375,22341.650390625,22331.099609375,22334.94921875
2026-10-01 13:39:00,22334.94921875,22335.69921875,22328.69921875,22335.69921875
2026-10-01 13:40:00,22335.099609375,22338.150390625,22327.80078125,22327.94921875
2026-10-01 13:41:00,22327.650390625,22329.55078125,22305.400390625,22306.0
2026-10-01 13:42:00,22306.30078125,22306.30078125,22291.099609375,22293.150390625
2026-10-01 13:43:00,22293.25,22295.849609375,22273.69921875,22277.69921875
2026-10-01 13:44:00,22277.650390625,22295.69921875,22276.5,22295.599609375
2026-10-01 13:45:00,22295.650390625,22296.349609375,22285.099609375,22289.44921875
2026-10-01 13:46:00,22289.30078125,22304.0,22287.55078125,22300.150390625
2026-10-01 13:47:00,22299.94921875,22300.05078125,22284.05078125,22285.349609375
2026-10-01 13:48:00,22285.30078125,22294.44921875,22279.30078125,22290.55078125
2026-10-01 13:49:00,22290.55078125,22292.0,22280.099609375,22283.150390625
2026-10-01 13:50:00,22282.94921875,22288.599609375,22277.94921875,22283.75
2026-10-01 13:51:00,22283.69921875,22288.69921875,22279.150390625,22281.75
2026-10-01 13:52:00,22281.80078125,22283.099609375,22270.55078125,22279.0
2026-10-01 13:53:00,22279.349609375,22286.400390625,22277.94921875,22280.75
2026-10-01 13:54:00,22280.650390625,22283.599609375,22275.349609375,22278.849609375
2026-10-01 13:55:00,22278.94921875,22285.19921875,22276.599609375,22278.900390625
2026-10-01 13:56:00,22278.900390625,22279.44921875,22268.55078125,22270.05078125
2026-10-01 13:57:00,22270.30078125,22275.599609375,22268.80078125,22271.05078125
2026-10-01 13:58:00,22271.349609375,22272.80078125,22254.55078125,22257.69921875
2026-10-01 13:59:00,22257.650390625,22258.05078125,22247.44921875,22248.0
2026-10-01 14:00:00,22248.400390625,22253.80078125,22236.349609375,22240.94921875
2026-10-01 14:01:00,22241.25,22243.69921875,22233.30078125,22233.849609375
2026-10-01 14:02:00,22234.0,22234.30078125,22222.19921875,22224.0
2026-10-01 14:03:00,22224.44921875,22231.69921875,22221.55078125,22227.0
2026-10-01 14:04:00,22226.849609375,22228.75,22219.400390625,22219.400390625
2026-10-01 14:05:00,22219.55078125,22238.599609375,22217.650390625,22235.599609375
2026-10-01 14:06:00,22235.19921875,22242.650390625,22226.349609375,22242.30078125
2026-10-01 14:07:00,22242.25,22271.349609375,22241.25,22263.44921875
2026-10-01 14:08:00,22263.44921875,22266.75,22256.150390625,22262.19921875
2026-10-01 14:09:00,22261.94921875,22278.099609375,22261.400390625,22273.19921875
2026-10-01 14:10:00,22272.900390625,22277.19921875,22267.69921875,22274.55078125
2026-10-01 14:11:00,22274.5,22277.900390625,22271.05078125,22275.0
2026-10-01 14:12:00,22274.69921875,22276.94921875,22268.19921875,22275.80078125
